CountryCode,Country
004,Afghanistan
008,Albania
012,Algeria
024,Angola
028,Antigua and Barbuda
032,Argentina
051,Armenia
533,Aruba
036,Australia
040,Austria
031,Azerbaijan
044,Bahamas
048,Bahrain
050,Bangladesh
052,Barbados
112,Belarus
056,Belgium
084,Belize
204,Benin
060,Bermuda
064,Bhutan
068,Bolivia (Plurinational State of)
070,Bosnia and Herzegovina
072,Botswana
076,Brazil
096,Brunei Darussalam
100,Bulgaria
854,Burkina Faso
108,Burundi
132,Cabo Verde
116,Cambodia
120,Cameroon
124,Canada
136,Cayman Islands
140,Central African Republic
152,Chile
156,China
344,"China, Hong Kong SAR"
446,"China, Macao SAR"
158,"China, Taiwan Province"
170,Colombia
178,Congo
184,Cook Islands
188,Costa Rica
384,Côte d'Ivoire
191,Croatia
192,Cuba
531,Curaçao
196,Cyprus
203,Czechia
200,Czechoslovakia
208,Denmark
214,Dominican Republic
218,Ecuador
818,Egypt
222,El Salvador
226,Equatorial Guinea
232,Eritrea
233,Estonia
748,Eswatini
231,Ethiopia
230,Ethiopia and Eritrea
242,Fiji
246,Finland
736,Former Sudan
250,France
266,Gabon
270,Gambia
268,Georgia
276,Germany
278,"Germany, Dem Rep"
280,"Germany, Fed Rep"
288,Ghana
300,Greece
304,Greenland
320,Guatemala
328,Guyana
332,Haiti
340,Honduras
348,Hungary
352,Iceland
356,India
360,Indonesia
364,Iran (Islamic Republic of)
368,Iraq
372,Ireland
376,Israel
380,Italy
388,Jamaica
392,Japan
400,Jordan
398,Kazakhstan
404,Kenya
296,Kiribati
412,Kosovo
414,Kuwait
417,Kyrgyzstan
418,Lao People's Dem Rep
428,Latvia
422,Lebanon
426,Lesotho
430,Liberia
434,Libya
438,Liechtenstein
440,Lithuania
442,Luxembourg
450,Madagascar
454,Malawi
458,Malaysia
462,Maldives
470,Malta
584,Marshall Islands
478,Mauritania
480,Mauritius
484,Mexico
496,Mongolia
499,Montenegro
500,Montserrat
504,Morocco
508,Mozambique
104,Myanmar
516,Namibia
524,Nepal
528,Netherlands
530,Netherlands Antilles
554,New Zealand
558,Nicaragua
562,Niger
566,Nigeria
807,North Macedonia
578,Norway
512,Oman
586,Pakistan
585,Palau
591,Panama
598,Papua New Guinea
600,Paraguay
604,Peru
608,Philippines
616,Poland
620,Portugal
630,Puerto Rico
634,Qatar
410,Republic of Korea
498,Republic of Moldova
642,Romania
643,Russian Federation
646,Rwanda
659,Saint Kitts and Nevis
662,Saint Lucia
882,Samoa
674,San Marino
678,Sao Tome and Principe
682,Saudi Arabia
686,Senegal
688,Serbia
891,Serbia and Montenegro
694,Sierra Leone
702,Singapore
703,Slovakia
705,Slovenia
090,Solomon Islands
706,Somalia
710,South Africa
724,Spain
144,Sri Lanka
275,State of Palestine
740,Suriname
752,Sweden
756,Switzerland
760,Syrian Arab Republic
762,Tajikistan
764,Thailand
768,Togo
776,Tonga
780,Trinidad and Tobago
788,Tunisia
792,Türkiye
795,Turkmenistan
796,Turks and Caicos Islands
800,Uganda
804,Ukraine
784,United Arab Emirates
826,United Kingdom
834,United Republic of Tanzania
840,United States of America
858,Uruguay
810,USSR
860,Uzbekistan
548,Vanuatu
862,Venezuela (Bolivarian Republic of)
704,Viet Nam
887,Yemen
890,Yugoslavia
894,Zambia
716,Zimbabwe
