exporter,importer,Xni,logXni,dni,Ï„ni
AUS,AUS,1.0,0.0,0.0,0.0
AUT,AUS,0.00740970050194612,-4.904965258581917,1.0141910376007899,1.0730701853289188
BEL,AUS,0.00564202623722906,-5.177512016071234,0.8490289172764773,0.9362704185157127
BRA,AUS,0.0012626693604530785,-6.674527258918122,1.6821470253202373,1.8016121391715973
CAN,AUS,0.009313052113951066,-4.6763384096297465,0.6498057325376113,0.7070335463636562
CHN,AUS,0.13208261312877317,-2.0243276951264435,1.3613091790717011,1.473309516017037
COL,AUS,0.000213809070235467,-8.450427136346786,2.010875804729523,2.3187011896874976
DNK,AUS,0.005067027385926718,-5.285000947741431,0.946331666887119,0.8818598457588119
FIN,AUS,0.003158060581120568,-5.757797179950618,0.8068727897655468,0.8361560242154642
FRA,AUS,0.012776892552770557,-4.360117008833797,0.9103248563058269,1.0088665358718947
DEU,AUS,0.04307456536438839,-3.1448225868247754,1.0454444604075035,1.207969923765326
GRC,AUS,0.0005371256132176162,-7.529278574203271,1.0474150497085337,1.159368071333476
IND,AUS,0.00822955102491106,-4.800023819255001,1.2309330614827192,1.95728988257145
IDN,AUS,0.007032511517832158,-4.957211379801083,1.7593405240208786,2.2171363440813168
IRL,AUS,0.005745292458310087,-5.159374462395724,0.47157784340321723,0.4909386023715979
ITA,AUS,0.01578430786438295,-4.148739005612775,0.9427868492900435,1.0519379253736383
JPN,AUS,0.045823603438193555,-3.082955961701271,1.4405331142022593,1.3652842418635767
KOR,AUS,0.04876912868010879,-3.020657775318711,1.4551712565325345,1.3164140216409785
MEX,AUS,0.0191824282024075,-3.9537606167888706,1.422715091540228,1.7866988550568257
NOR,AUS,0.0016575023288638642,-6.402443430859171,0.3994466043272845,0.19350512000771009
POL,AUS,0.004020071301538768,-5.516455639807314,0.9820339599742293,1.4362674798408142
PRT,AUS,0.0010307644449229015,-6.877454572482832,0.9138091487033858,1.0493502978278286
RUS,AUS,0.0004347655635060658,-7.740703606621784,1.6095070748221265,2.14757783080148
ESP,AUS,0.0075987046101960625,-4.87977749224426,1.0505697871106536,1.275574374391885
SWE,AUS,0.009195201709720978,-4.689073484274568,0.7847189041446465,0.7738227890941901
CHE,AUS,0.01590958963730959,-4.1408332297174635,0.8811200702866226,0.7281163215236128
THA,AUS,0.04210737811661126,-3.1675323014726304,1.0931282905102688,1.5576368587733826
TUR,AUS,0.0023014324430985097,-6.074223548560127,1.230600257901099,1.6129392609236681
GBR,AUS,0.025534363492177563,-3.667730146070924,0.506547370543631,0.7321278822065828
USA,AUS,0.0788974231499073,-2.53960671136064,0.7326046886165695,0.8778901693131977
AUS,AUT,0.0003383241265381819,-7.991506167729173,0.5821483573714326,0.5232692096433036
AUT,AUT,1.0,0.0,0.0,0.0
BEL,AUT,0.016362268891057505,-4.112777272150986,0.45740526677054033,0.4857676202816468
BRA,AUT,0.0011300678137584062,-6.785477635882966,1.0369688369830539,1.097554803106285
CAN,AUT,0.0034243659274118578,-5.676838955089418,0.5771658915149073,0.5755145576128232
CHN,AUT,0.0401492653586682,-3.2151511361747436,1.0858773004051634,1.1389984896223704
COL,AUT,0.0002603221803631663,-8.253590538825003,0.996684767128733,1.2456310043585788
DNK,AUT,0.007116269508564017,-4.945371636292023,0.4620817889088946,0.3387308200524586
FIN,AUT,0.004082834644025105,-5.500963766111593,0.4595106453971536,0.4299147321189421
FRA,AUT,0.031849549047345,-3.4467320557032886,0.3394134061643592,0.37907593800229805
DEU,AUT,0.43684333689559207,-0.8281806449683146,0.32281656643068707,0.42646288206038063
GRC,AUT,0.0019515444434947463,-6.239134197585636,0.726119101393913,0.7791929752907263
IND,AUT,0.004420977736969386,-5.421394399896156,1.3392277762873654,2.006705449647967
IDN,AUT,0.0014565118130782763,-6.53171087100497,1.3283792237602772,1.7272958960925864
IRL,AUT,0.004563254591188726,-5.389719183899337,0.49407741653784426,0.45455902777809604
ITA,AUT,0.0635103250126582,-2.756552787676676,0.4209282889424553,0.4712002172979212
JPN,AUT,0.01047810604820157,-4.558467337012628,0.6663391016058275,0.5322110815390161
KOR,AUT,0.006138574166773872,-5.093162784185552,0.856007541790672,0.6583711591709869
MEX,AUT,0.008470945130872463,-4.771113190844167,0.8036990553058072,1.108803671094276
NOR,AUT,0.0035105910235817906,-5.651970872892318,0.5387558234573528,0.27393519140964934
POL,AUT,0.03264659598919509,-3.4220146862999496,0.8549437731141769,1.250298145252633
PRT,AUT,0.005250652841852374,-5.249402859280504,0.6612683514525718,0.7379303528488856
RUS,AUT,0.0023624372980982963,-6.048061439436075,0.749186865164792,1.2283784734160168
ESP,AUT,0.020987106059012897,-3.8638470270220435,0.5180366331753204,0.6841620727284229
SWE,AUT,0.014135304094652875,-4.259079774473878,0.3114458577345113,0.24167059495592585
CHE,AUT,0.10560174005878926,-2.24808043001629,0.375568877910474,0.16368598141933527
THA,AUT,0.003758923060058997,-5.583622782803507,0.9950298615042379,1.4006592820392227
TUR,AUT,0.007402721674040941,-4.905907552602253,0.6605633085287306,0.9840231638231706
GBR,AUT,0.023265224303906547,-3.760795552472318,0.4791678271159807,0.6458691910508036
USA,AUT,0.03205706516190183,-3.4402376780401847,0.5391862020465763,0.6255925350150756
AUS,BEL,0.0005777162934684364,-7.456427651544252,0.6929644354790314,0.6057229342397961
AUT,BEL,0.0062914112950407065,-5.068569862206611,0.29804556139307137,0.2696832078819649
BEL,BEL,1.0,0.0,0.0,0.0
BRA,BEL,0.0030043182670045983,-5.8077046029544315,0.8750850384422513,0.907308651054376
CAN,BEL,0.00812309709358874,-4.813043782062345,0.6523606847721602,0.6223469973589698
CHN,BEL,0.020974448464386113,-3.864450321878703,1.1323558419105042,1.1571146776166048
COL,BEL,0.0009771489831564403,-6.930871427110497,1.1618468874530457,1.382430771171785
DNK,BEL,0.004415669700120268,-5.4225957689731334,0.2944119636748666,0.14269864130732418
FIN,BEL,0.0038871693041567946,-5.550074071549984,0.3981288788237387,0.3401706120344208
FRA,BEL,0.06825888457960226,-2.6844476763988476,0.20574450595770077,0.21704468428453322
DEU,BEL,0.10460576497297543,-2.2575566144056687,0.3059031416485452,0.3811871037671324
GRC,BEL,0.0005315638233804621,-7.53968728577256,0.8629062712597225,0.8876177916454293
IND,BEL,0.009813023478939965,-4.624044849124347,1.2951984852909115,1.9343138051404067
IDN,BEL,0.0017060306792242472,-6.373585846941726,1.260078570910511,1.6306328897317137
IRL,BEL,0.03595938028194494,-3.3253653030660115,0.4338407138817716,0.365959971610917
ITA,BEL,0.027468160540960383,-3.5947277435866303,0.392817123322943,0.41472669816730245
JPN,BEL,0.011487693766018095,-4.466478923889325,0.6125815951855773,0.45009122160765935
KOR,BEL,0.005140262798454696,-5.270651072718034,0.9696323426452305,0.743633606514439
MEX,BEL,0.011974893268345234,-4.424943048597927,0.7422594624557173,1.0190017247330794
NOR,BEL,0.002447576414043279,-6.012656962783129,0.565593033262271,0.27241004770346117
POL,BEL,0.011945739541573243,-4.427380587892028,0.7092564443340439,1.0762484629613933
PRT,BEL,0.003553739603676737,-5.639754820454843,0.6635335272217864,0.7118331751069938
RUS,BEL,0.008885702070141218,-4.723311803036212,0.7792347527930858,1.230064007533204
ESP,BEL,0.017687181431916398,-4.034915114657267,0.4185604248258428,0.5563235108678388
SWE,BEL,0.018512966363796308,-3.9892839078731828,0.3140132208005952,0.21587560451090337
CHE,BEL,0.025498452008495227,-3.6691375342096197,0.38781503547400087,0.14756978547175564
THA,BEL,0.0028973175167281593,-5.843969964292538,0.9022749871547,1.2795420541785785
TUR,BEL,0.006252176860298813,-5.074825578227562,0.7417897788927938,1.0368872806761276
GBR,BEL,0.038849077595226746,-3.24807094517295,0.4530852781854546,0.591424288609171
USA,BEL,0.04614546541642002,-3.0759565803598847,0.6845654422141378,0.7426094216715308
AUS,BRA,0.000386882517745858,-7.857389482737842,1.0344850765143008,0.9150199626629406
AUT,BRA,0.0023282246532434553,-6.062649253234692,1.1331952725743009,1.0726093064510698
BEL,BRA,0.002511246782988054,-5.986975922876049,1.2668930970854158,1.234669484473291
BRA,BRA,1.0,0.0,0.0,0.0
CAN,BRA,0.003668521764656669,-5.6079664869787935,0.805368818182292,0.7431315181569769
CHN,BRA,0.03620828001384057,-3.318467456640949,0.777762693226312,0.7702979163202879
COL,BRA,0.00111728520586279,-6.796853459469923,0.68318691352358,0.8715471846301945
DNK,BRA,0.0016196736428540468,-6.425530605061001,1.0131979065955505,0.8292609716158832
FIN,BRA,0.0009451209736724373,-6.964197624195497,0.9413667299032127,0.8511848505017701
FRA,BRA,0.008715977128848503,-4.74259748594537,1.307428927999554,1.2865054937142617
DEU,BRA,0.016718017400345227,-4.091268254890711,1.1482280091379211,1.1912883586443834
GRC,BRA,4.902113862786608e-5,-9.923258952311423,0.75966581990057,0.7521537276741521
IND,BRA,0.004148406030601625,-5.485031107532264,1.5187115463758323,2.125603253613203
IDN,BRA,0.0015694635704806593,-6.457021392859155,1.71701217651533,2.055342882724408
IRL,BRA,0.0009984453164025384,-6.909311172354183,1.0143316867805392,0.9142273318975598
ITA,BRA,0.006129855882592931,-5.094584039490984,1.0760882134975494,1.065774175729784
JPN,BRA,0.005171733438014809,-5.264547358841021,0.917227718121973,0.7225137319319304
KOR,BRA,0.008069548857160895,-4.819657701960484,0.7614469528071433,0.5032246040642271
MEX,BRA,0.0202560488264459,-3.8993018225549756,1.0255799085931905,1.270098558258428
NOR,BRA,0.0015204427128953707,-6.488753728047674,1.1215954182184908,0.7961888200475563
POL,BRA,0.0011518839313109245,-6.766356475854848,1.0866446510510581,1.4214130570662828
PRT,BRA,0.0015291543068681284,-6.483040437004265,1.0523687717914727,1.0684448070645554
RUS,BRA,0.003588658358412086,-5.629976862651049,0.8897685137467293,1.308374155874723
ESP,BRA,0.004364274726737929,-5.434303260028073,1.1461762882257684,1.2517157616556398
SWE,BRA,0.002602696070909877,-5.951207420866385,0.8889510419246316,0.758589813022815
CHE,BRA,0.006458029341323164,-5.042431063249257,1.2375727106815841,0.9651038480672143
THA,BRA,0.0028110571305699477,-5.874194663333304,0.7805579751577996,1.1256014295695533
TUR,BRA,0.0007502291953780284,-7.195131804280833,1.029405347933852,1.2922792371050609
GBR,BRA,0.005020360281061187,-5.294253578718086,1.2886556574308563,1.394771055242448
USA,BRA,0.030173041778191904,-3.500806409607514,1.0717890597302215,1.0976094265754897
AUS,CAN,0.0029682845391383462,-5.819771089290217,0.7434113563547937,0.6861835425287488
AUT,CAN,0.005439463966933595,-5.2140747584593745,0.631571257936445,0.633222591838529
BEL,CAN,0.004222467710573992,-5.467335556304099,0.5589669645225824,0.5889806519357729
BRA,CAN,0.004253500409368422,-5.460013009305617,1.2995272456558926,1.3617645456812077
CAN,CAN,1.0,0.0,0.0,0.0
CHN,CAN,0.07174394265755803,-2.634651850797397,1.0138684037077397,1.0686409268270307
COL,CAN,0.0007892745889704615,-7.144396276155015,1.6282560250651783,1.878853596197108
DNK,CAN,0.003388725431474315,-5.687301407203703,0.7257789450563861,0.6040793101020341
FIN,CAN,0.0017256676783710904,-6.362141243461913,0.6162944428172185,0.588349863441091
FRA,CAN,0.009542308683509708,-4.652019822431414,0.5450231633757143,0.5863370291157372
DEU,CAN,0.029282305814355435,-3.530771842499402,0.6140286619418626,0.7193263114736401
GRC,CAN,0.0002784350941661826,-8.186325580817076,0.664795270044189,0.7195204778430863
IND,CAN,0.005028630989840053,-5.29260750093308,1.291341592604141,1.9604705998668268
IDN,CAN,0.0023740701022500147,-6.043149454060455,1.4896422227436388,1.8902102289780318
IRL,CAN,0.004350237077718124,-5.437524934741793,0.5806729600189217,0.5428059051612574
ITA,CAN,0.009672393501894716,-4.6384794818513875,0.5601670696256987,0.6120903318832487
JPN,CAN,0.021861110478172532,-3.823045997973562,1.0579133345379144,0.9254366483731868
KOR,CAN,0.011725271661354546,-4.446008795506299,1.165808047271216,0.969822998553615
MEX,CAN,0.16976534966421158,-1.7733380915108967,1.040095311875883,1.3468512615664359
NOR,CAN,0.0022211796191460163,-6.109716864243989,0.4446581908570526,0.1814888927114332
POL,CAN,0.004866711553114594,-5.325336815735765,0.8247112483237902,1.22171695436433
PRT,CAN,0.0011963901845617054,-6.728446435386481,0.8011762403664092,0.8794895756648071
RUS,CAN,0.0011895609758460607,-6.734170967789778,1.2268872951577816,1.7077302373110905
ESP,CAN,0.004556391610607549,-5.391224282172863,0.5557334343134264,0.7235102077686129
SWE,CAN,0.00510400374362256,-5.277729999471547,0.6768148590208233,0.6086909301443219
CHE,CAN,0.013144923488695932,-4.331719641380493,0.638425324043278,0.4281937614542233
THA,CAN,0.003957440203660043,-5.532157875948011,0.9692337014548427,1.3765144558919116
TUR,CAN,0.0027102635194201233,-5.910709409179573,0.8479804782367546,1.1730916674332785
GBR,CAN,0.017485676895744304,-4.046373196276788,0.5692793388886854,0.7376320367255923
USA,CAN,0.4802525592231465,-0.7334431484082704,0.4680743054683119,0.5561319723388952
AUS,CHN,0.00236230824650106,-6.04811606739267,1.2857722170625954,1.1737718801172594
AUT,CHN,0.0007746555701142085,-7.163092053056366,1.6962015338139589,1.643080344596752
BEL,CHN,0.0006818577371973505,-7.290689518364908,1.7919257253172418,1.7671668896111412
BRA,CHN,0.0005338918538113971,-7.535317260466656,0.83047569271867,0.8379404696246942
CAN,CHN,0.0020315594669897516,-6.198951570511193,1.3683750794219498,1.3136025563026588
CHN,CHN,1.0,0.0,0.0,0.0
COL,CHN,3.852002716153735e-5,-10.164332265906422,0.7606031230736454,0.9564281710862841
DNK,CHN,0.0005544872378075688,-7.4974667671148785,1.5453566672869048,1.3688845092132615
FIN,CHN,0.0004367844287648118,-7.736070782601207,1.3310501200901734,1.248333017594755
FRA,CHN,0.0022416193177880735,-6.100556764561745,1.870435189239212,1.8569765318599438
DEU,CHN,0.010411217454135863,-4.564871452748102,1.7112342703775791,1.7617593967900655
GRC,CHN,2.0040466018763734e-5,-10.817757027588662,1.214509386282721,1.214462070962327
IND,CHN,0.0007810657736809496,-7.154851194409524,0.8688975624256238,1.4832540465690187
IDN,CHN,0.0011267068129497048,-6.7884562259945564,1.0671981925651217,1.4129936756802237
IRL,CHN,0.0007081157851934877,-7.252902939232621,1.0773717138007466,0.9847321358237913
ITA,CHN,0.0014693939979931185,-6.522905209451528,1.6390944747372072,1.636245213875466
JPN,CHN,0.01085817498420871,-4.522837027934434,1.4802339793616308,1.2929847700776123
KOR,CHN,0.011795502000306829,-4.440037006595203,0.9125737354792802,0.661816163642388
MEX,CHN,0.0025624345125427675,-5.966797490925044,1.108442042057119,1.3604254686283808
NOR,CHN,0.0003395287516278818,-7.987951926398544,1.1118606914299152,0.7939188701650046
POL,CHN,0.00035042463107264185,-7.956364907215473,1.210312517541904,1.5525457004631529
PRT,CHN,0.00017902684489360272,-8.627974791895475,1.6153750330311305,1.6389158452102373
RUS,CHN,0.0011438125874937528,-6.7733882215656855,1.4491415111809172,1.8752119302149348
ESP,CHN,0.000642155652621502,-7.350679834094257,1.7091825494654265,1.822186799801322
SWE,CHN,0.0009737724176947712,-6.934332939021448,1.2800254001842177,1.1571289481884253
CHE,CHN,0.004731906986679905,-5.3534269892975805,1.8005789719212422,1.5355748862128962
THA,CHN,0.0035305212663508303,-5.646309751417225,0.9218485457175714,1.2743567770353492
TUR,CHN,0.00013500475957408216,-8.910200524043015,0.9759783001433626,1.2463169662205955
GBR,CHN,0.0024531190563794984,-6.010394979873583,1.2785353382166085,1.3921155129342242
USA,CHN,0.0104494308058645,-4.561207770393096,1.385544274924298,1.4188294186755903
AUS,COL,0.000912189317868212,-6.999663004050995,0.6674496329652869,0.3596242480073122
AUT,COL,0.0036594399417508817,-5.610445164657368,1.0778789497166503,0.8289327124868046
BEL,COL,0.00350416202065871,-5.653803868204508,1.1736031412199333,0.953019257501194
BRA,COL,0.02415702183376407,-3.7231801819837353,0.6214693028657229,0.43310903175910825
CAN,COL,0.009571002116874247,-4.649017364592523,0.7500524953246412,0.4994549241927116
CHN,COL,0.08598176875777956,-2.453619996390547,1.133934996655162,0.9381099486425232
COL,COL,1.0,0.0,0.0,0.0
DNK,COL,0.002110985500171785,-6.160600378840734,0.9270340831895962,0.5547368771033144
FIN,COL,0.0025130314457818166,-5.986265507255113,0.8336379804412541,0.555095829933197
FRA,COL,0.01365193157856369,-4.293874259775339,1.2521126051419036,1.0428288997499966
DEU,COL,0.027404411241594966,-3.5970512843274967,1.0929116862802706,0.9476117646801183
GRC,COL,0.0001626313521049731,-8.724024562063686,0.6293400753472173,0.43346771201418466
IND,COL,0.010468684825289084,-4.559366875620205,1.0847537898640085,1.5032852259947644
IDN,COL,0.002108629812780554,-6.161716920260389,1.03382526299175,1.1837956980942133
IRL,COL,0.0019155499028083714,-6.257750542057272,0.6713271352278148,0.38286250923822085
ITA,COL,0.009310198181448924,-4.6766449009756945,1.0207718906398986,0.8220975817655187
JPN,COL,0.013563695595724526,-4.300358497043373,0.8619113952643225,0.47883713796766514
KOR,COL,0.009671232121383095,-4.638599560737904,1.3159983677063525,0.8694157478568215
MEX,COL,0.11846063191286432,-2.133174593748894,0.6825753570404661,0.7387337355990891
NOR,COL,0.0007747548316285512,-7.162963924944709,0.84078750597514,0.32702063669759074
POL,COL,0.001695365241352809,-6.379857079738478,0.7436400994983339,0.8900482344069439
PRT,COL,0.0012715831470441069,-6.667492582362334,0.997052448933822,0.8247682131002901
RUS,COL,0.0033126988241634807,-5.7099920670820925,0.8308189270836086,1.0610642981049876
ESP,COL,0.014022953107279443,-4.267059784229563,1.0908599653681181,1.0080391676913747
SWE,COL,0.0028198332911546524,-5.871077512391396,0.699918013864397,0.3811965138559657
CHE,COL,0.010749600407810837,-4.532886696465772,1.1822563878239336,0.721427254102949
THA,COL,0.003989632464861425,-5.524056166392945,0.9222204671681435,1.0789036504732827
TUR,COL,0.0026158846647122438,-5.946152934771859,1.1127472675111947,1.187260885575789
GBR,COL,0.008615804920876324,-4.754156980879692,0.9456511058781321,0.8634062325831091
USA,COL,0.0967034940161654,-2.3361057446403333,0.7672216908269895,0.6046817865656431
AUS,DNK,0.0022035161052534028,-6.117700964767076,0.5576483136239987,0.6221201347523058
AUT,DNK,0.0142643709856863,-4.249990390228506,0.435689940992513,0.559040909848949
BEL,DNK,0.030948113168003517,-3.4754432455870123,0.5104267675375488,0.6621400899050912
BRA,DNK,0.002345332579712615,-6.055328062102752,0.8547031654504361,1.0386401004301034
CAN,DNK,0.006458818766936676,-5.042308831322726,0.5472678364380354,0.6689674713923874
CHN,DNK,0.059311468394776024,-2.8249525954751356,1.3919205701575812,1.5683927282312244
COL,DNK,7.785874189082263e-5,-9.460614374519983,1.0645441378424039,1.4368413439286858
DNK,DNK,1.0,0.0,0.0,0.0
FIN,DNK,0.01515671539029311,-4.189311585152136,0.5032545579109533,0.5970096134891778
FRA,DNK,0.03821918336532041,-3.2644177070827287,0.4734632486086944,0.6364767493030693
DEU,DNK,0.2246115644555664,-1.493382748886811,0.5526085595405592,0.7796058440266889
GRC,DNK,0.0019509011316430564,-6.239463894359175,0.7275901494046897,0.9040149921579389
IND,DNK,0.007761647358855263,-4.858560678804751,1.7290802479727039,2.5199088901897415
IDN,DNK,0.0018862065817591015,-6.273187566432574,1.1492649819940843,1.6715326231828296
IRL,DNK,0.013168360583073564,-4.329938252139109,0.6347256364373267,0.7185582165340145
ITA,DNK,0.033557220318852124,-3.3945032280229066,0.5075684068255645,0.6811913040374664
JPN,DNK,0.004170129920205113,-5.479808087732275,0.5500485426416882,0.5392714914313128
KOR,DNK,0.01365345084326034,-4.293762980271925,0.9358064082924005,0.8615209945291514
MEX,DNK,0.0035551531192522276,-5.63935714513487,0.7030995733190559,1.1315551579639607
NOR,DNK,0.04321109257112498,-3.1416580442127384,0.5943576159429498,0.45288795275168237
POL,DNK,0.05272355134499539,-2.9426930286705253,0.9051836048375839,1.4238889458324757
PRT,DNK,0.006348870171433687,-5.059478407666677,0.6396598936230858,0.8396728638758358
RUS,DNK,0.006262311652373247,-5.0732058884927715,0.9815241348776288,1.5840667119852896
ESP,DNK,0.019412203809136847,-3.9418533483629803,0.43208013173074716,0.7215565401402856
SWE,DNK,0.15455436713192428,-1.867209353721875,0.4389243789013193,0.49250008497916997
CHE,DNK,0.017690328748631457,-4.034737187114752,0.5406482535720323,0.4521163259373296
THA,DNK,0.005162241620365669,-5.266384371271337,1.2023868768466537,1.7313672662380746
TUR,DNK,0.012438614491586586,-4.38694957314818,1.025454224788659,1.4722650489395352
GBR,DNK,0.05176740222033305,-2.960994628575309,0.46379103022067636,0.7538433630119352
USA,DNK,0.02101931160770422,-3.8623136634652178,0.5893298709217311,0.7990871727466664
AUS,FIN,0.000479945584229423,-7.641837826677472,0.7215552738199847,0.6922720393700673
AUT,FIN,0.012707266635567671,-4.365581273118931,0.7259064213307377,0.7555023346089491
BEL,FIN,0.014941362114767634,-4.203621931092873,0.4755397219845027,0.5334979887738206
BRA,FIN,0.004140179674627538,-5.487016092418165,1.0140291542899083,1.1042110336913509
CAN,FIN,0.0052040523990760385,-5.258317649382563,0.6752429629622922,0.7031875423384197
CHN,FIN,0.04401612063685319,-3.123199334053647,1.226020303497017,1.3087374059924355
COL,FIN,0.0007589322289807505,-7.183598074435657,1.2040030149639762,1.4825451654720334
DNK,FIN,0.028834020440292814,-3.5461993236971776,0.6709826869964022,0.5772276314181777
FIN,FIN,1.0,0.0,0.0,0.0
FRA,FIN,0.030754657675131917,-3.4817138270899166,0.6463232595313713,0.7155817046475216
DEU,FIN,0.15303354849241613,-1.8770981104338536,0.7814428636330479,0.914685092540953
GRC,FIN,0.0009048640006282429,-7.007725901105752,0.8914971096006757,0.9741668967757005
IND,FIN,0.003969342140474441,-5.529154905703131,1.497764535892013,2.194838122530826
IDN,FIN,0.0017697640014041143,-6.336909073826021,1.3298893222548933,1.7584019078654138
IRL,FIN,0.004621503481005638,-5.377035198039853,0.462431552222725,0.45250907674118823
ITA,FIN,0.020233835561714125,-3.9003990480618396,0.6459091467366911,0.7257769883703685
JPN,FIN,0.0068735285059390375,-4.980077693838145,0.7989938171007999,0.6944617103121998
KOR,FIN,0.005623159157181128,-5.18086164539878,0.7784184314442658,0.6103779621027923
MEX,FIN,0.007717452350166957,-4.864270975864622,0.7708503007966705,1.1055508298633507
NOR,FIN,0.018052416850286884,-4.0144757056439015,0.5941838716032243,0.35895915283373236
POL,FIN,0.028802925741951677,-3.5472783087377637,0.7180323631997736,1.142982648616441
PRT,FIN,0.0027117002058193018,-5.910179458591333,0.6472309179775743,0.7534888326520996
RUS,FIN,0.039920985408172974,-3.2208531432700616,0.8156238682170645,1.3244113897465006
ESP,FIN,0.015405451640078236,-4.173033829604209,0.7865681903361981,0.9822895431675119
SWE,FIN,0.10253863907744473,-2.2775155848285182,0.404105343362649,0.3639259938622751
CHE,FIN,0.022500746594856798,-3.7942067883286374,0.6171184735121671,0.4348314902992398
THA,FIN,0.0029411039714740852,-5.828970267612827,0.9977297078356904,1.4329550416488868
TUR,FIN,0.004616487925518103,-5.378121052260676,0.7941385127079685,1.14719428128062
GBR,FIN,0.029391628707783835,-3.527045383013496,0.4816761165264078,0.6779733937394421
USA,FIN,0.016800999924761292,-4.086316875013099,0.6918488434171471,0.8078510896638579
AUS,FRA,0.0006158618766625033,-7.392487845770441,0.6827246349829258,0.584182955416858
AUT,FRA,0.015354243447659937,-4.176363397051489,0.4265543557309586,0.3868918238930198
BEL,FRA,0.03678657569898115,-3.3026222911481526,0.29203231996728907,0.2807321416404566
BRA,FRA,0.0014725128308362297,-6.520784928835593,1.0945103434504064,1.1154337777356986
CAN,FRA,0.004027552128792862,-5.514596499783285,0.5253517457110664,0.48403787997104347
CHN,FRA,0.05100790432247932,-2.9757746715517306,1.0672095927944,1.0806682501736682
COL,FRA,0.00014995997551247884,-8.805142129390262,1.423239122859692,1.6325228282515987
DNK,FRA,0.005603244075897748,-5.184409549702625,0.3962140254589925,0.23320052476461758
FIN,FRA,0.0038083982453534786,-5.570546586283472,0.38924773046406036,0.31998928534791005
FRA,FRA,1.0,0.0,0.0,0.0
DEU,FRA,0.14819069884479513,-1.9092553289210359,0.35223425376258855,0.4162180375543433
GRC,FRA,0.0010981588201533902,-6.814120301406427,0.8526664707636169,0.8660778128224913
IND,FRA,0.005636942641602354,-5.178413445275544,1.2556169993640092,1.883432140886672
IDN,FRA,0.002060479970130994,-6.184816328110595,1.1717038421510475,1.5309579826454178
IRL,FRA,0.010630994919517087,-4.543981495569012,0.5099224471736054,0.4307415265759183
ITA,FRA,0.05841057244303214,-2.8402583705493836,0.35515016742021227,0.36575956393773934
JPN,FRA,0.011029796452163931,-4.507154899906593,0.852896432332428,0.6791058804276776
KOR,FRA,0.004130022878224562,-5.489472332502853,0.8675345746627035,0.6302356602050796
MEX,FRA,0.009634671830032308,-4.642387037889714,0.8350784096703969,1.1005204936209267
NOR,FRA,0.0036661331818727797,-5.608617801290303,0.5553532327661654,0.25087006888052316
POL,FRA,0.01859739421601414,-3.9847338039905487,0.7561150809016475,1.1118069212021646
PRT,FRA,0.01206966408397471,-4.417060074916588,0.7118025530587657,0.7488020226171408
RUS,FRA,0.0014674693624003765,-6.524215883890264,1.0218703929522952,1.4613994693655812
ESP,FRA,0.05503920416632408,-2.8997095446490095,0.40832062432973726,0.5347835320449008
SWE,FRA,0.011354567620320557,-4.478135182500952,0.3622822466375745,0.25284445202105027
CHE,FRA,0.037874402117024523,-3.273479800966321,0.40545883338367783,0.15391340505460013
THA,FRA,0.003812867080666585,-5.569373858230031,0.9636706596395814,1.3296375483366274
TUR,FRA,0.009616489818961214,-4.6442759645746365,0.6758522675756236,0.9596495910321248
GBR,FRA,0.04235567096284348,-3.161652959815916,0.4428454776893489,0.569884309786233
USA,FRA,0.03931729000835786,-3.236090907534166,0.700197463168552,0.7469412642991125
AUS,DEU,0.000615750797489501,-7.392668225813023,0.8794641168790749,0.7169386535212524
AUT,DEU,0.04948720712265972,-3.006041084775843,0.2973157595076424,0.19366944387794882
BEL,DEU,0.028424168390916674,-3.5605154960297396,0.3656164123574087,0.29033245023882154
BRA,DEU,0.0023182441279279205,-6.066945221263349,1.0841967873742462,1.0411364378677839
CAN,DEU,0.002887306721135274,-5.8474311417779345,0.6191366702210089,0.5138390206892314
CHN,DEU,0.05568449564993017,-2.8880535253760757,1.1865201956464646,1.1359950692339782
COL,DEU,0.0002547238345061606,-8.27533060161283,1.2517216622923215,1.3970215838924738
DNK,DEU,0.011384770399598388,-4.475478746591318,0.47643000127383534,0.24943271678770573
FIN,DEU,0.008135784807512486,-4.811483070006457,0.3965980370423179,0.26335580813441284
FRA,DEU,0.05845535141968374,-2.839492039742884,0.4834222779100805,0.4194384941183258
DEU,DEU,1.0,0.0,0.0,0.0
GRC,DEU,0.0014670392052023831,-6.524509055432391,1.0110312529300967,0.9604588111972163
IND,DEU,0.005774453428190648,-5.154311671522502,1.5219702577749836,2.085801615505892
IDN,DEU,0.0024862990405338094,-5.996960003291251,1.6256949832679197,1.9209653399705353
IRL,DEU,0.01138168887279606,-4.475749454195367,0.5819656955521457,0.438800991162704
ITA,DEU,0.0416823703665731,-3.177677012554934,0.46815623933364775,0.4147818520594201
JPN,DEU,0.013493961836136312,-4.305512964990751,0.7135670519970201,0.47579271630051495
KOR,DEU,0.006525159151198421,-5.032089935082571,0.8645113841119452,0.5632286858625666
MEX,DEU,0.01789608085309966,-4.023173536861976,0.8903844441260913,1.0918427442848664
NOR,DEU,0.004501911518908299,-5.403253190420565,0.7137180149326452,0.3452510672552482
POL,DEU,0.05089169443362952,-2.9780555429319713,0.6980736146398641,0.9897816711486265
PRT,DEU,0.007130038130510074,-4.943438696672606,0.6555452421813601,0.6285609279479805
RUS,DEU,0.002994211137147114,-5.811074475381909,0.92735973446346,1.3029050270849911
ESP,DEU,0.028392364258697782,-3.5616350340957768,0.566685406496217,0.6291645304196258
SWE,DEU,0.015076410097132613,-4.194624001961768,0.3708173131248259,0.19739573471654698
CHE,DEU,0.0664110848102177,-2.7118912965197484,0.3999107860260678,0.08438157390523543
THA,DEU,0.0050467849090923755,-5.289003890108474,1.0422578118954302,1.3442409168007217
TUR,DEU,0.012096371896719652,-4.414849714587725,0.9380881546864419,1.1579016943511884
GBR,DEU,0.03831011800846237,-3.2620412399176972,0.6282600278846469,0.6913150761897762
USA,DEU,0.04059126137049666,-3.2042024727211813,0.7309218085382145,0.7136818258770202
AUS,GRC,0.0004568720583655362,-7.6911071660789645,0.572733193897221,0.4607801722722788
AUT,GRC,0.014950984629865702,-4.2029781197847385,0.4942478486952436,0.44117397479843035
BEL,GRC,0.030793604444150635,-3.480448258481609,0.6838054644639119,0.6590939440782051
BRA,GRC,0.0011525112266373239,-6.765812042023931,0.6347319756117037,0.6422440678381216
CAN,GRC,0.0030620445456111824,-5.788672433971608,0.6689541545164054,0.6142289467175082
CHN,GRC,0.052196790319196516,-2.952734274122015,1.1247629474773297,1.1248102627977237
COL,GRC,0.00047444738200328834,-7.6533598375209735,0.963460755020989,1.1593331183540216
DNK,GRC,0.01187952229623604,-4.432939176610654,0.4762995820024223,0.299874739249173
FIN,GRC,0.0036793334634855957,-5.605023667259067,0.7144376412871228,0.6317678541120981
FRA,GRC,0.04083682821427132,-3.1981709524070574,0.6559258029564912,0.6425144608976168
DEU,GRC,0.11436401224120224,-2.168368827837745,0.5236207105206877,0.574193152253568
GRC,GRC,1.0,0.0,0.0,0.0
IND,GRC,0.006568200536773143,-5.025515374902691,1.0972425370572412,1.7116463365210297
IDN,GRC,0.0019102662661576706,-6.260512640274491,1.0507180984312334,1.3965608968667294
IRL,GRC,0.009868756877793212,-4.618381383034084,0.4408737390243379,0.34828147636777645
ITA,GRC,0.07239407559478012,-2.625630811740005,0.49230192732377365,0.4894999817824263
JPN,GRC,0.00343953927431382,-5.672417748452023,0.6453865976878823,0.4581847037242576
KOR,GRC,0.02978027937453754,-3.5139088704896353,0.8632646500550043,0.612554393538506
MEX,GRC,0.0014855459863053926,-6.511972906754905,0.7919697857963117,1.0440005276879671
NOR,GRC,0.003050379346471946,-5.792489320204416,0.6726351836642486,0.35474067771973206
POL,GRC,0.017421647525240253,-4.050041735380027,0.6799765062423352,1.0222570044839778
PRT,GRC,0.0032769855487420952,-5.720831319179945,0.7652654585272718,0.7888535860267725
RUS,GRC,0.015546071902224429,-4.1639472830578,0.7143665121973773,1.1404842465517888
ESP,GRC,0.03461735833601216,-3.3634000367089,0.6385422042033693,0.7515937698596584
SWE,GRC,0.00914987544916507,-4.6940150119004596,0.6202488989053017,0.497399762229903
CHE,GRC,0.020791178028347197,-3.8732265154973518,0.5860695856385213,0.32111281525056923
THA,GRC,0.00244434473610014,-6.013978193569182,0.978937674317284,1.3314932209554555
TUR,GRC,0.028373699479823423,-3.562292637541136,0.5662501553772127,0.8366361367748396
GBR,GRC,0.02881113694528174,-3.546993267100265,0.7055680248093523,0.819195514847362
USA,GRC,0.013513159262075095,-4.304091308154222,0.79860351402219,0.831935973093876
AUS,IND,0.006171969491235785,-5.087737287585503,1.6735986019364266,0.9472417808476956
AUT,IND,0.0016819488051909518,-6.387802154760851,2.0840279186877897,1.416550245327188
BEL,IND,0.007752681351484964,-4.85971651461768,2.179752110191073,1.5406367903415774
BRA,IND,0.00120613979724492,-6.720330269281597,1.0184762234865088,0.41158451624913817
CAN,IND,0.006056621405841843,-5.106603158163566,1.7562014642957808,1.087072457033095
CHN,IND,0.05962608758497931,-2.819662089521046,0.6933843193082807,0.07902783516488582
COL,IND,0.00015434208998296934,-8.776339055605163,1.1833705547622815,0.7648391186315255
DNK,IND,0.0008608282038985326,-7.057615604341494,1.9331830521607354,1.1423544099436977
FIN,IND,0.000946044340263964,-6.9632211186958495,1.7188765049640042,1.021802918325191
FRA,IND,0.006972197305217293,-4.965824852066544,2.258261574113043,1.63044643259038
DEU,IND,0.015276626631384823,-4.181431289814419,2.09906065525141,1.5352292975205017
GRC,IND,0.00012828287344292502,-8.961272783616844,1.6023357711565518,0.9879319716927633
IND,IND,1.0,0.0,0.0,0.0
IDN,IND,0.004131771274547699,-5.489049083916188,0.9318352740536374,0.6632742730253447
IRL,IND,0.0007969207400534666,-7.134755331981977,1.4651980986745774,0.7582020365542275
ITA,IND,0.004395389178911604,-5.427199201387283,2.026920859611038,1.4097151146059022
JPN,IND,0.008987053549029109,-4.711970231824809,1.8680603642354618,1.0664546708080485
KOR,IND,0.015276588689721553,-4.181433773458963,1.300400120353111,0.43528606437282424
MEX,IND,0.003625548316008611,-5.619749742525495,1.4962684269309499,1.133895369358817
NOR,IND,0.0011048712657293865,-6.8080264524016245,1.4996870763037458,0.5673887708954408
POL,IND,0.0009757812546594538,-6.932272120995122,1.598138902415735,1.326015601193589
PRT,IND,0.0002796362977125138,-8.182020735885626,2.0032014179049615,1.4123857459406737
RUS,IND,0.00469734277516984,-5.360758297131442,1.8369678960547482,1.648681830945371
ESP,IND,0.0022351967748499247,-6.103426012353668,2.0970089343392573,1.5956567005317581
SWE,IND,0.0021836475228455264,-6.126758624762844,1.667851785058049,0.9305988489188615
CHE,IND,0.04538690878029886,-3.0925315683733667,2.188405356795073,1.3090447869433324
THA,IND,0.007812570033356945,-4.852021299690107,0.6284855143985045,0.36663726157288756
TUR,IND,0.0007993125568637242,-7.131758503629946,1.0632456401579415,0.7192278220917798
GBR,IND,0.007313693208930962,-4.91800690586467,1.6663617230904395,1.1655854136646604
USA,IND,0.022613428063109692,-3.789211387063801,1.773370659798129,1.1922993194060265
AUS,IDN,0.006913374212783613,-4.974297451734678,1.2799504149780907,0.8221545949176525
AUT,IDN,0.0017010416040307255,-6.3765145072956635,1.6903797317294542,1.291463059397145
BEL,IDN,0.0018235753764876247,-6.306956212409929,1.7861039232327371,1.4155496044115343
BRA,IDN,0.001790988000030892,-6.324987856076264,1.2369482822406341,0.8986175760315562
CAN,IDN,0.0050086666819911495,-5.296585530643685,1.362553277337445,0.9619852711030519
CHN,IDN,0.08057049131888096,-2.5186228091741305,0.7300759270037641,0.38428044388866206
COL,IDN,2.27727802378296e-5,-10.689944584427554,0.6848210455803612,0.5348506104778978
DNK,IDN,0.0009235403846011165,-6.987296029339452,1.5395348652023997,1.0172672240136547
FIN,IDN,0.0017776709674089015,-6.332451216715993,1.3252283180056685,0.896715732395148
FRA,IDN,0.006649533539441027,-5.013208571219569,1.8646133871547073,1.505359246660337
DEU,IDN,0.011206388827805431,-4.4912712322609805,1.7054124682930742,1.4101421115904587
GRC,IDN,0.0003392565403631799,-7.988753980545876,1.208687584198216,0.8628447857627202
IND,IDN,0.008905026429392726,-4.7211393943176025,0.796021299704882,1.0645823007331747
IDN,IDN,1.0,0.0,0.0,0.0
IRL,IDN,0.0004589914712588249,-7.686478929211818,1.0715499117162417,0.6331148506241844
ITA,IDN,0.004201048029270994,-5.472421254041633,1.6332726726527023,1.284627928675859
JPN,IDN,0.034961140724234833,-3.3535180993153784,1.4744121772771261,0.9413674848780055
KOR,IDN,0.020668197971868987,-3.8791590899370694,0.9229969898042081,0.32644393485221396
MEX,IDN,0.0018718683597783883,-6.2808182240305515,1.1026202399726144,1.0088081834287739
NOR,IDN,0.0005410928462566067,-7.521919674144789,1.10603888934541,0.44230158496539773
POL,IDN,0.0005694672135801501,-7.4708093472695785,1.2044907154573992,1.200928415263546
PRT,IDN,0.00020492626740437192,-8.49286031472125,1.6095532309466258,1.2872985600106306
RUS,IDN,0.003029967673777867,-5.7992033282379465,1.4433197090964123,1.523594645015328
ESP,IDN,0.0017975905465188484,-6.321308096052884,1.7033607473809218,1.470569514601715
SWE,IDN,0.0024516012609719384,-6.011013892006305,1.2742035980997128,0.8055116629888184
CHE,IDN,0.004434716409918107,-5.418291608913756,1.7947571698367373,1.1839576010132893
THA,IDN,0.025416486518084848,-3.6723572400008995,0.5248558659713337,0.5315686141740095
TUR,IDN,0.000858133199260618,-7.060751226631904,0.82032249976112,0.7448656827232509
GBR,IDN,0.0041727634556720985,-5.4791767634576365,1.2727135361321036,1.0404982277346173
USA,IDN,0.015190416622236419,-4.1870905353485774,1.3797224728397932,1.0672121334759834
AUS,IRL,0.0007620270475814686,-7.17952850739384,0.6738039567170562,0.6544431977486754
AUT,IRL,0.004830304445401722,-5.33284578112983,0.7732246293752368,0.8127430181349851
BEL,IRL,0.013874100260940188,-4.2777314675106,0.7145540115164952,0.7824347537873498
BRA,IRL,0.0016291404398670786,-6.419702740759648,1.4411806170946844,1.5412849719776638
CAN,IRL,0.005832379060610147,-5.144330289712707,0.5110281629821547,0.548895217839819
CHN,IRL,0.027597659019953775,-3.5900243279739095,1.2189084380769433,1.3115480160538986
COL,IRL,6.872548748258725e-5,-9.58539043070295,1.76990939650397,2.058374022493564
DNK,IRL,0.007088551255576818,-4.949274295625533,0.7053652586615661,0.6215326785648783
FIN,IRL,0.0032326508376610418,-5.734452785557428,0.5659063815399937,0.5758288570215305
FRA,IRL,0.030490893125176624,-3.4903272260142466,0.7930634754384653,0.8722443960361524
DEU,IRL,0.07664399050726514,-2.5685840784695912,0.6338625565768323,0.7770272609662742
GRC,IRL,0.0008359121247792865,-7.0869870643048,0.8064486414829807,0.8990409041395422
IND,IRL,0.004081350841922011,-5.501327256657462,1.2673571823443406,1.9743532444646905
IDN,IRL,0.0008817401268655628,-7.033613186114587,1.5183741157953259,1.9568091768873832
IRL,IRL,1.0,0.0,0.0,0.0
ITA,IRL,0.02080961087887399,-3.872340337508074,0.7018204410644905,0.7916107581797046
JPN,IRL,0.007787078480803835,-4.85528952399916,1.1995667059767061,1.1049570746696429
KOR,IRL,0.007157424206091682,-4.939605110486887,1.2142048483069816,1.0560868544470448
MEX,IRL,0.007118726347483837,-4.945026453340224,1.1817486833146749,1.526371687862892
NOR,IRL,0.005927137463983319,-5.128213903601903,0.4361843333963149,0.2108820901083597
POL,IRL,0.007371297502244228,-4.910161536411314,0.7525541438124499,1.187426904710654
PRT,IRL,0.004330137072948968,-5.442156080898597,0.7672490615050683,0.8834294516611305
RUS,IRL,0.001958559433549203,-6.235546058855109,1.3685406665965734,1.8872506636075466
ESP,IRL,0.015449263188986137,-4.170193966808848,0.6360998311235248,0.8417436594363754
SWE,IRL,0.007005459848926612,-4.9610654555338245,0.5437524959190936,0.5134956219002564
CHE,IRL,0.015046613881232422,-4.196602304381825,0.7232072581204955,0.5508427503891049
THA,IRL,0.0033784629691254744,-5.690334415776387,0.9809212772950805,1.4260690865898136
TUR,IRL,0.004966789637563196,-5.304981595764426,0.989633849675546,1.3526120937297343
GBR,IRL,0.21958307083842113,-1.5160246632181393,0.4225998677226281,0.6288196204171992
USA,IRL,0.14539079652992848,-1.9283300134794346,0.6091440062815391,0.7350687280097866
AUS,ITA,0.0006654425893772426,-7.315058190751524,0.6283073729441582,0.5191562968605634
AUT,ITA,0.019037387375383814,-3.9613504767135463,0.36742038826206624,0.31714845990660034
BEL,ITA,0.026440292804295468,-3.6328661897674044,0.31442480641588183,0.29251523157152237
BRA,ITA,0.0030620054342605555,-5.78868520700604,0.8407752663927351,0.8510893041605003
CAN,ITA,0.002347849272702255,-6.0542555729855545,0.662943198163031,0.6110199359054811
CHN,ITA,0.033195276878608855,-3.405347675872495,1.109965915943497,1.1128151768052381
COL,ITA,0.0003507505741310111,-7.9554352021162975,1.0680889554394795,1.2667632643138593
DNK,ITA,0.004526451868054874,-5.397816898474391,0.3556842078712472,0.18206131065934528
FIN,ITA,0.0027465547885051804,-5.897407956898798,0.5543120281283201,0.47444418649464276
FRA,ITA,0.05454453414315418,-2.908737770748903,0.28412801522039494,0.27351861870286787
DEU,ITA,0.10318494434170287,-2.2712323247391817,0.3187031015678852,0.3720774888421129
GRC,ITA,0.003080120916143889,-5.782786424278973,0.581041890962011,0.5838438365033584
IND,ITA,0.006499932571218178,-5.0359634757930944,1.2215118411471388,1.8387175861522749
IDN,ITA,0.0014767730008046218,-6.517895976611531,1.3666491359782205,1.7152938799550639
IRL,ITA,0.006400344363991343,-5.051403483190401,0.4212234648447471,0.331433147729533
ITA,ITA,1.0,0.0,0.0,0.0
JPN,ITA,0.005334180235841336,-5.233620063796683,0.5957279968751547,0.4113280484528773
KOR,ITA,0.004746072482928804,-5.350437848660239,0.9674026983667562,0.7194943873916052
MEX,ITA,0.0031804663960260365,-5.75072742752738,0.5610192270244789,0.8158519144574818
NOR,ITA,0.0017269628417572534,-6.361390996113196,0.488418484858389,0.17332592445521972
POL,ITA,0.017871848508623826,-4.024528513155865,0.6122639448328488,0.9573463886158389
PRT,ITA,0.0033271320858187597,-5.705644581556003,0.4743848256436856,0.5007748986845336
RUS,ITA,0.003510970132843144,-5.65186288856995,0.750364757710396,1.1792844376061549
ESP,ITA,0.030539518497923177,-3.4887337455921945,0.3432355952621421,0.45908910645977863
SWE,ITA,0.007987916423506134,-4.82982532623917,0.3284082319139746,0.20836104077992335
CHE,ITA,0.03437175044944098,-3.370520259843768,0.47771025608323725,0.21555543123663254
THA,ITA,0.002480015412069609,-5.9994905042803595,0.8956908062351987,1.2510482984147178
TUR,ITA,0.012463587102583171,-4.384943917602143,0.74695611625724,1.020144043196214
GBR,ITA,0.023308679666214856,-3.758929469914736,0.36921418059494776,0.48564361617430474
USA,ITA,0.019813847504067936,-3.9213742168337866,0.8541776930691272,0.8903120976821606
AUS,JPN,0.0020375007712809478,-6.196031334306531,1.1568917643034324,1.232140636642115
AUT,JPN,0.0013300924067460194,-6.622506860405606,0.6007144986902103,0.7348425187570218
BEL,JPN,0.0013980552129792296,-6.572673141687714,0.8597125835797266,1.0222029571576445
BRA,JPN,0.000822524187301898,-7.103132668703147,1.2443825652696412,1.4390965514596838
CAN,JPN,0.0035653352894628168,-5.636497179198133,0.8435266322812038,0.9760033184459312
CHN,JPN,0.058136628374096055,-2.8449593770345953,1.4487476357934224,1.635996845077441
COL,JPN,0.00020641139070151865,-8.485639338372284,1.2891899354949425,1.6722641927915998
DNK,JPN,0.0011519324239276897,-6.766314378213981,0.6972642799710884,0.7080413311814638
FIN,JPN,0.0009607020665971076,-6.947846221414112,0.9350605786143562,1.0395926854029562
FRA,JPN,0.004336252103350395,-5.440744874618364,0.6665286109753941,0.8403191628801444
DEU,JPN,0.01254682336890215,-4.3782877634598805,0.6167804289205523,0.8545547646170574
GRC,JPN,3.4260630421499794e-5,-10.281513664143034,1.3268336000841237,1.5140354940477483
IND,JPN,0.0015813908680951724,-6.449450522914012,1.3611954219958993,2.1628011154233127
IDN,JPN,0.005282434491744368,-5.243368209545869,1.5010812252727934,2.034125917671914
IRL,JPN,0.0026367117647226298,-5.9382226818238,0.8977680427061726,0.9923776740132358
ITA,JPN,0.0032770107733814335,-5.720823621696425,0.7457917091221125,0.9301916575443898
JPN,JPN,1.0,0.0,0.0,0.0
KOR,JPN,0.01040225306903729,-4.565732855044552,0.7949544909000082,0.7314461283471347
MEX,JPN,0.00573218175070806,-5.161659061440036,1.206186791280118,1.6454194271353983
NOR,JPN,0.0011477304702179538,-6.76996879069049,1.029520362086672,0.8988277501057801
POL,JPN,0.0004905348298807365,-7.620014272548706,1.0253276756566232,1.5548100678618906
PRT,JPN,0.00017017041551487672,-8.678710178820516,1.0402583830645784,1.2510484045277037
RUS,JPN,0.0012419166851364977,-6.691099378931445,1.2431620816174869,1.856481709935523
ESP,JPN,0.0013033868693138218,-6.642789118296713,0.8824877536502439,1.1827412132701578
SWE,JPN,0.0017708591114652089,-6.336290476442958,0.690738076643387,0.7550908339316131
CHE,JPN,0.006970238302502944,-4.966105865051988,0.5562515829294428,0.47849670650511544
THA,JPN,0.01071855538620226,-4.535778891170047,1.310124762710301,1.8498822033120976
TUR,JPN,0.00018521699313541048,-8.593982484370713,1.1334475195795748,1.5910353949408265
GBR,JPN,0.004680142277094866,-5.364426768426039,0.9170126070098554,1.2178419910114897
USA,JPN,0.025004347098018322,-3.6887055853092603,0.6542281848666593,0.8747625379019701
AUS,KOR,0.002656074218493592,-5.930906104048431,1.350297884053862,1.489055118945418
AUT,KOR,0.002707572499582015,-5.911702802132024,1.046074604559347,1.2437109871790322
BEL,KOR,0.0013363944479746644,-6.617780001954038,1.0609417005355182,1.2869404366663098
BRA,KOR,0.0009643484284157714,-6.944057888392203,1.9360267389777697,2.194249087720686
CAN,KOR,0.003951119431048839,-5.533756339953848,1.302657369133794,1.4986424178513948
CHN,KOR,0.08059606455631663,-2.5183054575063304,1.4166196490099776,1.6673772208468698
COL,KOR,0.0002826095850344814,-8.17144417096956,1.8705232714582085,2.3171058913077394
DNK,KOR,0.001060992033505064,-6.84855092785627,1.1798047243315972,1.2540901380948462
FIN,KOR,0.0012359144971944194,-6.695944099366648,0.9219975846878615,1.090038054029335
FRA,KOR,0.0074803973978245725,-4.895469360355583,0.9578614537599319,1.1951603682175558
DEU,KOR,0.02350418881669429,-3.7505766261973195,0.8882157589501278,1.1894984571995064
GRC,KOR,6.70808632266974e-5,-9.609611752477019,1.4092041492595906,1.6599144057760888
IND,KOR,0.003358757955241595,-5.696184029524808,1.9416196434088024,2.8067336993890892
IDN,KOR,0.004163199158994257,-5.481471471655558,1.4053314872843634,2.0018845422363576
IRL,KOR,0.0014245940349843663,-6.553868393580011,1.2624458341598759,1.4205638280198127
ITA,KOR,0.005299884597331556,-5.240070232749505,1.0952514725850346,1.3431597835601856
JPN,KOR,0.047884567358409166,-3.0389620110622313,0.6930834200152363,0.7565917825681098
KOR,KOR,1.0,0.0,0.0,0.0
MEX,KOR,0.005533561240392697,-5.196923685113176,1.4394902607280384,1.942231259136192
NOR,KOR,0.0018644744650236785,-6.2847760537871675,0.946922064634469,0.8797378152064507
POL,KOR,0.0009347445239407421,-6.975237302438475,1.1308032177057628,1.7237939724639038
PRT,KOR,0.00039261351772633976,-7.8426848454198534,1.3545441070491984,1.6288424910651973
RUS,KOR,0.0031925251649512166,-5.746943087566731,1.3319703609880111,2.0087983518589207
ESP,KOR,0.0018961173815639147,-6.2679469669581085,1.2008379339816753,1.5645997561544627
SWE,KOR,0.0026407449508647797,-5.936694223270866,1.0773902582170776,1.2052513780581773
CHE,KOR,0.006588110462718357,-5.022488699545874,0.8880052364419619,0.8737587225705081
THA,KOR,0.0054170612991257866,-5.218201806305091,1.394107732035172,1.9973735351898418
TUR,KOR,0.0006861323763342922,-7.284439980437064,0.9206788401661825,1.4417750780803076
GBR,KOR,0.0068866774869824655,-4.978166532762147,1.0968773529346634,1.461215099489171
USA,KOR,0.04168928897682935,-3.1775110422401625,1.2171035007491255,1.50114621633731
AUS,MEX,0.00038253111376244074,-7.86870056483608,0.8310761045156316,0.467092340999034
AUT,MEX,0.006118759367168895,-5.09639592079079,0.6275370854175193,0.3224324696290507
BEL,MEX,0.003119912015079145,-5.769950477853528,0.6834836832601224,0.4067414209827603
BRA,MEX,0.011363547430493968,-4.477344640625361,0.6253415516663838,0.3808229020011462
CAN,MEX,0.024176933992696614,-3.722356241144689,0.7199188109671034,0.41316286127655066
CHN,MEX,0.09191126205533168,-2.386931710280742,0.9064986822201078,0.6545152556488462
COL,MEX,0.0028042145160626715,-5.8766318091473595,0.7550762978449428,0.6989179192863199
DNK,MEX,0.0017951079210104927,-6.322690135723595,0.6045428410334335,0.1760872563885287
FIN,MEX,0.0013661755210142873,-6.595740033398203,0.7743496285784457,0.43964909951176545
FRA,MEX,0.01464367410670495,-4.2237468383623185,0.7619931471820927,0.4965510632315629
DEU,MEX,0.05511410325383263,-2.8983496381549503,0.6027922283204598,0.4013339281616846
GRC,MEX,0.00038761458280155733,-7.855499055328371,0.6164671685775163,0.36443642668586074
IND,MEX,0.010843555296663735,-4.524184357347099,1.3790063407649789,1.741379398337112
IDN,MEX,0.0027046088246239566,-5.912797989109974,1.5773069709044765,1.671119027448317
IRL,MEX,0.006696613755984871,-5.006153289902173,0.7665203661460456,0.4218973615978285
ITA,MEX,0.015935626831394493,-4.1391979951187325,0.7792766518447494,0.5244439644117466
JPN,MEX,0.030855075799293828,-3.478454010582929,0.6294376677685775,0.19020503191329713
KOR,MEX,0.034269335649181054,-3.3735043290675635,1.2586624059373634,0.7559214075292098
MEX,MEX,1.0,0.0,0.0,0.0
NOR,MEX,0.00033293240373708064,-8.007571080369988,0.7579528548124694,0.18802760697629745
POL,MEX,0.0029513505613868265,-5.825492395977565,0.6399382990108042,0.7301880553607915
PRT,MEX,0.0014691526145288656,-6.5230694971056815,0.5497250961926068,0.32128248180045194
RUS,MEX,0.004606201044936146,-5.38035183004812,0.7889614381680531,0.9630484306308091
ESP,MEX,0.019595552715215358,-3.9324526407768143,0.6007405074083073,0.461761331172941
SWE,MEX,0.003351700288978715,-5.698287512955694,0.6690490941880365,0.2941692156209824
CHE,MEX,0.009015363130570832,-4.70882514243141,0.6921369298641229,0.17514941758451535
THA,MEX,0.011147678975227166,-4.496523966401827,0.8771656908599252,0.9776904956064415
TUR,MEX,0.0015367833995278417,-6.478063748541302,1.0998743607414936,1.118229600247465
GBR,MEX,0.00802535172459566,-4.825149782316452,0.7672530882825379,0.628849836428892
USA,MEX,0.6429276245107962,-0.4417231201609543,0.676925111990329,0.45822682917035956
AUS,NOR,0.0015321196858495206,-6.481103086792588,0.4914551311213915,0.697396615440966
AUT,NOR,0.011563740501019817,-4.4598808953237,0.7989841488564019,1.0638047809041054
BEL,NOR,0.012700594642336359,-4.366106464382509,0.6800650338873269,0.9732480194461366
BRA,NOR,0.006889881681152901,-4.977701366650768,1.377679301393771,1.7030858995647056
CAN,NOR,0.03247661197107074,-3.427235080364962,0.5469147780766633,0.8100840762222827
CHN,NOR,0.06919911665917923,-2.6707671814807497,1.0568414551452348,1.3747832764101453
COL,NOR,0.0006540491571404076,-7.332328045508481,1.7064080808030566,2.220174950080606
DNK,NOR,0.07056217621221433,-2.651261025749366,0.7440604145220666,0.8855300777133339
FIN,NOR,0.023872652578737948,-3.7350217187586052,0.5024050658390805,0.7376297846085724
FRA,NOR,0.02758392330789901,-3.5905221648158054,0.7585744978092969,1.0630576616949392
DEU,NOR,0.12312894333530011,-2.0945231529140087,0.8545205911587124,1.2229875388361093
GRC,NOR,0.0009903086208582932,-6.917493925175208,0.7429473257820676,1.0608418317265842
IND,NOR,0.0048834416167497915,-5.321905058354556,1.6529314496721883,2.5852297550804932
IDN,NOR,0.002083164716734659,-6.173867043144792,1.4548728000944124,2.118610104474425
IRL,NOR,0.007111673570443012,-4.946017680243047,0.4174971913016461,0.6427994345896013
ITA,NOR,0.02323256680180727,-3.762200243176652,0.7693745039257711,1.0844670643289405
JPN,NOR,0.01620123776785818,-4.1226676342392,1.136065390275793,1.266758002256685
KOR,NOR,0.05877682762151775,-2.8340075898200925,1.1507035326060684,1.2178877820340868
MEX,NOR,0.007659182959603733,-4.871849964155675,1.1182473676137619,1.688172615449934
NOR,NOR,1.0,0.0,0.0,0.0
POL,NOR,0.04333521214953228,-3.138789760837666,0.8290348065370685,1.4892098107232277
PRT,NOR,0.003975282381067331,-5.527659494136789,0.6988205638635234,1.0403031973075407
RUS,NOR,0.003213461849150791,-5.740406465278552,1.30503935089566,2.0490515911945884
ESP,NOR,0.021162812083716096,-3.855509784616092,0.8596459178618624,1.2905919894626683
SWE,NOR,0.15928684630010645,-1.8370486373516728,0.4909292854257545,0.6859746546948725
CHE,NOR,0.019904425954016123,-3.9168131622315183,0.6901962010378314,0.743133936594396
THA,NOR,0.008653965643845643,-4.749737607161251,1.1262380785461383,1.7966881311288265
TUR,NOR,0.008581686869335081,-4.758124779988852,0.9493054264881436,1.537585913830287
GBR,NOR,0.05795265017247058,-2.848128978189068,0.6053116817630271,1.0368336777455534
USA,NOR,0.054754472805506674,-2.9048962185446405,0.5206752583107053,0.871902223326908
AUS,POL,0.00048028715515293697,-7.641126393034539,0.8242945061374755,0.37006098627089057
AUT,POL,0.027867719873800715,-3.5802862537594056,0.48588901627205494,0.09053464413359893
BEL,POL,0.02365059576991477,-3.744366973244582,0.5816132077753378,0.21462118914798828
BRA,POL,0.001762621107502591,-6.340953312161866,0.8633493908764105,0.5285809848611857
CAN,POL,0.0030201830819920894,-5.802437826256681,0.6572419858276479,0.2602362797871081
CHN,POL,0.07429406829448462,-2.599724164974513,1.430792581553119,1.0885593986318702
COL,POL,0.00010181364423304072,-9.192366433034929,1.0367243221137725,0.8903161872051625
DNK,POL,0.011661339071027241,-4.451476261512487,0.4402545907220474,-0.07845075027284446
FIN,POL,0.008654064931334388,-4.749726134164561,0.6057769262922319,0.18082664087556463
FRA,POL,0.043119736688464846,-3.143774458882766,0.660122671697308,0.3044308313967909
DEU,POL,0.2514334159697781,-1.3805770721292623,0.500921752835675,0.2092136963269126
GRC,POL,0.002198665961247739,-6.119904483792361,0.9942363419181663,0.6519558436765237
IND,POL,0.005991638388017217,-5.117390383717604,1.2572623079047605,1.5293856091269065
IDN,POL,0.002145447493758021,-6.144407126562047,1.3018142155694423,1.3053765157632955
IRL,POL,0.006806484181436861,-4.989879565052226,0.5651707845402156,0.13029802364201143
ITA,POL,0.05154375749441554,-2.965324171983506,0.45818647601242274,0.11310403222943272
JPN,POL,0.010183465419495911,-4.586989911298834,0.7019251003429261,0.17244270813765872
KOR,POL,0.011995034689514865,-4.423262490696756,1.0886160411437134,0.49562528638557246
MEX,POL,0.007030672954356012,-4.957472851659077,0.8735895331141611,0.7833397767641739
NOR,POL,0.014306232654132157,-4.2470599867319585,0.6969231039207148,0.0367480997345556
POL,POL,1.0,0.0,0.0,0.0
PRT,POL,0.004058492724252721,-5.5069436244829655,0.63875033116943,0.32005796042728796
RUS,POL,0.00861129693025383,-4.75468034119466,1.0203961462731665,1.1042333823859354
ESP,POL,0.02551806670473575,-3.6683685794592074,0.5498904954842868,0.32066156289893333
SWE,POL,0.023157180482960858,-3.7654503744931547,0.5534826800096749,0.08835304509263366
CHE,POL,0.015874851959002907,-4.143019059664003,0.6099235804813726,0.002686311851777798
THA,POL,0.002844370048350838,-5.862413660051543,1.1612077915170236,1.1714828399135526
TUR,POL,0.013658870335829661,-4.2933661269539725,0.7777355219327948,0.7058410050887789
GBR,POL,0.031060954971832394,-3.471803715699719,0.5844153488438985,0.3557623406402654
USA,POL,0.018363628450800567,-3.9973832852763946,0.8484764807337442,0.5395284415637877
AUS,PRT,0.0002867099361245437,-8.157039528805782,0.5348572134695598,0.399316064345117
AUT,PRT,0.009322802261489077,-4.675292023643762,0.49361799583563176,0.41695599443931786
BEL,PRT,0.025380942701810443,-3.673756673894349,0.6287033134556276,0.5804036655704201
BRA,PRT,0.005941504641396645,-5.12579287105186,0.7683378766168515,0.7522618413437687
CAN,PRT,0.003093256997103521,-5.778530698817136,0.7791714577870562,0.7008581224886583
CHN,PRT,0.0295219823399636,-3.522620129066698,1.1502111420440873,1.1266703298649805
COL,PRT,0.0004533700730138464,-7.69880182777323,1.097066656026137,1.269350891859669
DNK,PRT,0.006346977005076717,-5.059776641623762,0.37500812296576225,0.17499515271301225
FIN,PRT,0.003361315886729588,-5.695422748719959,0.55933985782791,0.4530819431533846
FRA,PRT,0.07639769053723128,-2.571802811836826,0.5107114528494464,0.47371198329107134
DEU,PRT,0.1403591851813913,-1.9635505334892216,0.4371815257257265,0.46416583995910615
GRC,PRT,0.0021156141836821416,-6.15841011446417,0.35768561422031,0.3340974867208093
IND,PRT,0.008425228385249514,-4.776524695069643,1.1407340551437493,1.7315497271080371
IDN,PRT,0.0018568671417415073,-6.288864543736696,1.185285962808431,1.5075406337444262
IRL,PRT,0.0077317481779778634,-4.862420286974257,0.3871046681636337,0.2709242780075716
ITA,PRT,0.0525414394096529,-2.9461530986467857,0.40702398524106453,0.38063391220021653
JPN,PRT,0.004649463057112792,-5.3710035376388765,0.8081540296281376,0.5973640081650122
KOR,PRT,0.005360286648570399,-5.228737826118493,0.9938565468924563,0.7195581628764574
MEX,PRT,0.002969358504079633,-5.819409341389516,0.5468517775836981,0.7752943919758529
NOR,PRT,0.010559963561479771,-4.550685451327421,0.48739146130192246,0.14590882785790513
POL,PRT,0.014655765195531197,-4.222921492225972,0.44845486742126983,0.7671472381634119
PRT,PRT,1.0,0.0,0.0,0.0
RUS,PRT,0.0016725762026554853,-6.393390204873962,0.739814706764135,1.1423443136190456
ESP,PRT,0.2931449256008171,-1.2270881656285464,0.3849987493855552,0.4744621875423437
SWE,PRT,0.013196767301307432,-4.327783380799164,0.4325401703869355,0.28610290621203616
CHE,PRT,0.01227326758849535,-4.400331748581931,0.5446511981505662,0.25610630026311354
THA,PRT,0.0024806728682919424,-5.999225437745626,1.0446795387560122,1.3736469578946833
TUR,PRT,0.010541591239700632,-4.552426775755373,0.8358145534597967,1.0826124073579229
GBR,PRT,0.03328776311484994,-3.4025654235593956,0.650465873801068,0.740505236339577
USA,PRT,0.009216600020295052,-4.686749070779109,0.6537020594805977,0.663446391052783
AUS,RUS,0.0010758498202407922,-6.834644399250581,0.6857416533789223,0.14767089739956873
AUT,RUS,0.006206289965537145,-5.082191990628642,0.7221025788979232,0.24291097064669848
BEL,RUS,0.005504230726887347,-5.202238259373721,0.47765389585847284,0.026824641118354538
BRA,RUS,0.0012080049592934597,-6.71878507410256,0.6498975165163299,0.2312918743883361
CAN,RUS,0.002007802990004736,-6.210714194513447,0.6884534325878098,0.20761049043450086
CHN,RUS,0.059209530791393065,-2.8266727569523193,0.7283087849924024,0.30223836595838466
COL,RUS,9.68070807482553e-5,-9.242790418131166,0.5385529104701974,0.3083075394488185
DNK,RUS,0.0035305006047842567,-5.646315603705166,0.6194813456602741,0.01693876855261337
FIN,RUS,0.007938099321552067,-4.8360814125362666,0.7102242977372725,0.20143677620783632
FRA,RUS,0.01730593012452238,-4.056706054450351,0.610208940658156,0.17067986424487003
DEU,RUS,0.05698743872864106,-2.8649244086150603,0.5604607586033141,0.184915465981783
GRC,RUS,0.0005093527246908265,-7.582369805593677,0.5861701972826014,0.16005246292818992
IND,RUS,0.0035962020724343733,-5.627876970282387,1.2656811656917273,1.4539672308011045
IDN,RUS,0.0017600366148400003,-6.342420666262111,1.3102330733564094,1.2299581374374937
IRL,RUS,0.0019366960258149952,-6.246771837272248,0.6848895556953445,0.16617955868437145
ITA,RUS,0.016654623294251027,-4.095067425769952,0.5053019755813829,0.07638229568562406
JPN,RUS,0.011388958086281332,-4.475110981889747,1.0366386126904292,0.4233189843723929
KOR,RUS,0.012244672669838117,-4.402664320675761,1.0746221250334629,0.3977941341625534
MEX,RUS,0.004817944231507937,-5.335407949885934,0.5958096811486069,0.42172268868585083
NOR,RUS,0.000840261063080482,-7.081797925030404,0.6777387888306231,-0.06627345146830524
POL,RUS,0.014698524072335512,-4.2200081934806715,0.4594825979715721,0.3756453618588033
PRT,RUS,0.0008548230243243701,-7.064616099547017,0.49735358187502116,0.09482397502011042
RUS,RUS,1.0,0.0,0.0,0.0
ESP,RUS,0.005494555677058658,-5.203997553893827,0.5013402582780135,0.18827408957989128
SWE,RUS,0.005499774066300946,-5.2030482664418445,0.5952852012701175,0.04631833024030749
CHE,RUS,0.00777761807672338,-4.85650514747251,0.8003796721329923,0.10930516739062893
THA,RUS,0.0030443304211653322,-5.794474296527608,1.1696266493039906,1.0960644615877508
TUR,RUS,0.005602074892960898,-5.184618233265198,0.5636638801002852,0.4079321271435005
GBR,RUS,0.010380996034382363,-4.5677784487783875,0.5361140441141433,0.2236237997977415
USA,RUS,0.017973276800884442,-4.018869246402526,0.5475900447656039,0.15480476948287838
AUS,ESP,0.0006791547507806675,-7.294661546534099,0.5107645228552299,0.28575993557399854
AUT,ESP,0.009857827401926146,-4.619489479279275,0.34119471820204816,0.17506927864894573
BEL,ESP,0.019821376010784954,-3.920994327122569,0.25700593770203606,0.11924285166004006
BRA,ESP,0.0021586457077441613,-6.138274241080189,0.8083240359274088,0.7027845624975375
CAN,ESP,0.003202348489004695,-5.743870835537468,0.8040789478748309,0.6363021744196445
CHN,ESP,0.05153264259676912,-2.9655398352717013,1.2615282475719916,1.148523997236096
COL,ESP,0.000553458013571743,-7.499324664931759,1.1370528153366941,1.2198736130134376
DNK,ESP,0.006468308414810121,-5.040840655223793,0.36384073891223806,0.07436433050269964
FIN,ESP,0.003691749795543306,-5.601654733992445,0.5244380102453745,0.32871665741406064
FRA,ESP,0.09908981699258188,-2.311728597793831,0.2787272021637647,0.15226429444860107
DEU,ESP,0.12456648403016761,-2.082915697334615,0.28832016064232413,0.2258410367189153
GRC,ESP,0.001580720950760986,-6.449874238065522,0.6285616373731863,0.5155100717168971
IND,ESP,0.008828349471114945,-4.729787204702064,1.2970001162419564,1.7983523500494558
IDN,ESP,0.0024338223167109704,-6.018292287611063,1.1554381305103298,1.3882293632895366
IRL,ESP,0.009150275403388397,-4.693971301416693,0.36910238595116696,0.16345855763831627
ITA,ESP,0.054544252580676675,-2.9087429328280856,0.2501111517291461,0.13425764053150957
JPN,ESP,0.008180191054617092,-4.806039772330077,0.6485841135908956,0.34833065397098173
KOR,ESP,0.008284338754838897,-4.7933884436196355,1.0747770607862315,0.7110152386134441
MEX,ESP,0.009786140614667125,-4.626788117255928,0.5488921021473994,0.6878712783827656
NOR,ESP,0.004191877049157979,-5.474606662269961,0.5487488565419854,0.11780278494117952
POL,ESP,0.01766751044785858,-4.036027894039113,0.47310347310683676,0.7023324056921902
PRT,ESP,0.03958008621808627,-3.2294291604855254,0.3320981182328712,0.24263468007608271
RUS,ESP,0.0015988350491963567,-6.438480009178028,0.8511318122920389,1.1641979809901613
ESP,ESP,1.0,0.0,0.0,0.0
SWE,ESP,0.009212286547483803,-4.687217191614749,0.3571646007463433,0.12126389841465553
CHE,ESP,0.023577300204048763,-3.7474708855913104,0.5351450021489532,0.1571366661047119
THA,ESP,0.0033348239861221646,-5.7033353787818095,0.9559602671568587,1.1954642481387412
TUR,ESP,0.01586448638463947,-4.143672228587674,0.6928868465187622,0.8502212622600998
GBR,ESP,0.03950937261926459,-3.2312173537214943,0.39330733486971986,0.3938832592514403
USA,ESP,0.027753830854098407,-3.5843813995212126,0.7366348429801989,0.6569157363955958
AUS,SWE,0.0006417665981274847,-7.351285874694765,0.8101024030630352,0.8209985181134916
AUT,SWE,0.02021288373381489,-3.901435069283743,0.4907876544302186,0.560562917208804
BEL,SWE,0.045325945839677306,-3.0938756546124067,0.5119003251330241,0.610037941422716
BRA,SWE,0.0016338566442805863,-6.416812019391508,0.8974281211755908,1.0277893500774073
CAN,SWE,0.004423667178950914,-5.4207862483897955,0.5737254601830454,0.6418493890595468
CHN,SWE,0.043509820700506956,-3.1347686031381365,1.101958274553025,1.2248547265488174
COL,SWE,0.00028257455900503807,-8.171568116518484,1.2261569005848763,1.5448784005933076
DNK,SWE,0.0779205322154766,-2.5520657893904266,0.5451603806416024,0.4915846745637518
FIN,SWE,0.0410047243398727,-3.1940679911142693,0.34306418308725894,0.38324353258763283
FRA,SWE,0.043145378564323184,-3.143179968826423,0.5904097890549943,0.6998475836715186
DEU,SWE,0.21160826560004303,-1.5530185173788518,0.5461104253776994,0.7195320037859783
GRC,SWE,0.0011324036599161932,-6.783412772732288,0.9800442388437259,1.1028933755191246
IND,SWE,0.004573412913852163,-5.38749554451582,1.4805953744724882,2.2178483106116755
IDN,SWE,0.0010420241928955284,-6.866590118170462,1.254877670143094,1.7235696052539884
IRL,SWE,0.010377211532432352,-4.568143075828171,0.5509786814657752,0.5812355554846124
ITA,SWE,0.029730161698952547,-3.5155932030715986,0.6782236106221469,0.7982708017561981
JPN,SWE,0.009793638600219834,-4.626022226503337,0.8313082809862555,0.7669555236980294
KOR,SWE,0.005975043499246057,-5.120163900982519,0.8530233723369,0.7251622524958004
MEX,SWE,0.0020814009056229314,-6.174714099657828,0.8593974300397207,1.2342773086067749
NOR,SWE,0.06281082078778706,-2.7676279148128677,0.6827310008462746,0.48768563157715655
POL,SWE,0.04975956819373053,-3.0005525083675924,0.6718066836659002,1.1369363185829415
PRT,SWE,0.004776008502659259,-5.344150122604631,0.6245582280949896,0.770995492269889
RUS,SWE,0.004509079241541046,-5.401662305614435,0.8963727203770896,1.4453395914068996
ESP,SWE,0.016239440226871495,-4.1203124136313685,0.5356983924098465,0.7715990947415343
SWE,SWE,1.0,0.0,0.0,0.0
CHE,SWE,0.01671959715054786,-4.091173765482598,0.557877139566851,0.41576950585429767
THA,SWE,0.003481694789957164,-5.660236095137577,1.007150440664553,1.4825551239781234
TUR,SWE,0.009275998240417886,-4.680325049280775,0.8551807151750094,1.2484158332480348
GBR,SWE,0.05624647292833239,-2.878011943359867,0.570223245769458,0.8066998724828663
USA,SWE,0.022930036789919193,-3.7753075776688143,0.6741661143778711,0.8303477101249558
AUS,CHE,0.00881429049579496,-4.731380954653569,1.1427966156272773,1.2958003643902871
AUT,CHE,0.054022332031755715,-2.918357761765011,0.5947189257965002,0.806601822287639
BEL,CHE,0.021175816948698297,-3.854895458376041,0.5921515627304161,0.8323968127326614
BRA,CHE,0.003561845175594066,-5.637476560642123,1.41814523125017,1.6906140938645398
CAN,CHE,0.014068510388226685,-4.263816284944154,1.0345093523043094,1.2447409148933641
CHN,CHE,0.04060058073274981,-3.2039729087144373,1.4346524871172672,1.6996565728256132
COL,CHE,0.002326737552696176,-6.063288184565208,1.335367407887435,1.7961965416084196
DNK,CHE,0.005006374848631254,-5.297043208905506,0.6446488607608237,0.7331807883955265
FIN,CHE,0.005821258030489149,-5.146238884155793,0.6084541719746284,0.7907411551875556
FRA,CHE,0.076420245794348,-2.571507620607027,0.5438825368934368,0.7954279652225145
DEU,CHE,0.27038024239131464,-1.3079260055623878,0.7584717815220416,1.074000993642874
GRC,CHE,0.0007454903939807694,-7.201468309180164,1.3127384514079683,1.5776952217959204
IND,CHE,0.0059004052959559196,-5.132734236199987,1.4439921114600707,2.3233526813118113
IDN,CHE,0.0058771393405838614,-5.13668514215781,1.6021208966514289,2.212920465474877
IRL,CHE,0.041431779915388184,-3.1837070618222274,0.8836728940300175,1.056037401761408
ITA,CHE,0.08954953791243087,-2.412963310595588,0.7974767272121835,1.0596315520587882
JPN,CHE,0.01969286641902651,-3.9274988195254226,0.6168357607388539,0.6945906371631813
KOR,CHE,0.002994293437924661,-5.811046989128364,0.8959604127835017,0.9102069266549555
MEX,CHE,0.018152447401204818,-4.008949884320195,1.192091642603963,1.7090791548835704
NOR,CHE,0.0030955833793338467,-5.77777889970829,1.0154252134105168,0.9624874778539523
POL,CHE,0.013970908447959732,-4.270778079340789,1.0797041151824673,1.6869413838120622
PRT,CHE,0.005338706060733693,-5.232771966096048,1.2556850899522025,1.5442299878396553
RUS,CHE,0.011820229631177001,-4.437942839851353,1.2290669329413317,1.9201414376836952
ESP,CHE,0.025874489228017637,-3.6544977675714345,0.9235869717193311,1.3015953077635725
SWE,CHE,0.010170141050501366,-4.588299199745342,0.9061647835310115,1.048272417243565
CHE,CHE,1.0,0.0,0.0,0.0
THA,CHE,0.021896696204331732,-3.821419511789625,1.296029614034146,1.9135419310602697
TUR,CHE,0.005548617832768569,-5.194206421379989,0.9145140680699508,1.4498568198555297
GBR,CHE,0.12023746493388317,-2.118286617143881,0.9029174583337003,1.281501718759662
USA,CHE,0.09153465853547973,-2.391037596611859,0.8202090185394203,1.1184982479990584
AUS,THA,0.014369844462797066,-4.242623402693896,1.4117014600528228,0.947192891789709
AUT,THA,0.0021162488755028814,-6.15811015588015,1.8221307768041863,1.4165013562692015
BEL,THA,0.004517005166631638,-5.399906078491055,1.9178549683074693,1.5405879012835908
BRA,THA,0.001651718377240646,-6.405939092240939,0.7120924162693005,0.36704896185754676
CAN,THA,0.003586615132190748,-5.630546381368139,1.4943043224121773,1.0870235679751084
CHN,THA,0.113766782021095,-2.1736046977818,0.8015793602137684,0.4490711288959905
COL,THA,0.00014189610068162577,-8.86041545351604,0.9177475142192542,0.7610643309141151
DNK,THA,0.0019001067941503723,-6.265845186941757,1.671285910277132,1.1423055208857111
FIN,THA,0.0011853480875241107,-6.737718802783498,1.4569793630804009,1.0217540292672045
FRA,THA,0.012274132796739046,-4.400261255720734,1.9963644322294394,1.6303975435323934
DEU,THA,0.022555822715201436,-3.791762032830395,1.8371635133678064,1.5351804084625151
GRC,THA,0.00013435296153362677,-8.915040179724611,1.3404386292729482,0.9878830826347766
IND,THA,0.011979047908145383,-4.4245961628966395,0.8893664259502203,1.1512146787758373
IDN,THA,0.015105777665985488,-4.192677981457802,1.0876670560897181,1.0809543078870423
IRL,THA,0.0016260171575065868,-6.42162171594012,1.203300956790974,0.7581531474962409
ITA,THA,0.006301487298430746,-5.066969594330948,1.7650237177274346,1.4096662255479155
JPN,THA,0.09168916920198626,-2.389351017906015,1.6061632223518585,1.0664057817500618
KOR,THA,0.025636575394312213,-3.6637352208146843,1.0385029784695075,0.43523717531483763
MEX,THA,0.006358057209233372,-5.058032418541971,1.2343712850473465,1.1338464803008304
NOR,THA,0.0021397399084180685,-6.147070995457131,1.2377899344201424,0.5673398818374542
POL,THA,0.0019860685533371974,-6.221598195658223,1.3362417605321315,1.3259667121356025
PRT,THA,0.0002996653269287423,-8.11284428293135,1.7413042760213577,1.4123368568826868
RUS,THA,0.0008836813111522614,-7.031414068071481,1.5750707541711446,1.6486329418873844
ESP,THA,0.002987553552036434,-5.813300436517322,1.835111792455654,1.5956078114737715
SWE,THA,0.0035826746105174835,-5.631645659598339,1.4059546431744452,0.9305499598608749
CHE,THA,0.05361132290936064,-2.925994984906196,1.9265082149114692,1.3089958978853458
THA,THA,1.0,0.0,0.0,0.0
TUR,THA,0.0007173387529464679,-7.239962370156478,0.801192419402115,0.7190228541615702
GBR,THA,0.010612305611666272,-4.545741044434334,1.404464581206836,1.1655365246066738
USA,THA,0.040771025193850424,-3.199783616677318,1.5114735179145256,1.19225043034804
AUS,TUR,0.008933596222295483,-4.7179362526975295,0.6869589916798748,0.30461998865730583
AUT,TUR,0.006616981641685304,-5.018115958372672,1.070814041243066,0.747354185948626
BEL,TUR,0.01089734130802757,-4.519236436194273,1.1665382327463492,0.8714407309630154
BRA,TUR,0.003162395238251085,-5.756425551721901,1.1759231340957221,0.9130492449245133
CAN,TUR,0.009651966449184483,-4.640593607273416,0.7429875868510569,0.41787639765453305
CHN,TUR,0.04799187155958058,-3.0367236249230456,1.349425236716573,1.0790865706393402
COL,TUR,5.805406241251467e-5,-9.754135871002546,0.949844431292026,0.8753308132274318
DNK,TUR,0.0035280128512708013,-5.647020498193773,0.9423136452663675,0.49550282111549143
FIN,TUR,0.0031978591904757697,-5.7452736960351265,0.7056626275192805,0.35260685894662913
FRA,TUR,0.025519633626381957,-3.6683071769415965,1.2450476966683193,0.961250373211818
DEU,TUR,0.07352232552919293,-2.6101661701891397,1.0858467778066863,0.8660332381419398
GRC,TUR,0.002993594958851327,-5.811280286421239,0.7431428356935694,0.47275685429594255
IND,TUR,0.009728146012638928,-4.632731944348052,1.0209408032426195,1.3649586213087814
IDN,TUR,0.00333303090017063,-5.703873208721223,0.812591156407005,0.8880479734448741
IRL,TUR,0.0030062346493791733,-5.807066930358857,0.5719621878668738,0.2089839438126855
ITA,TUR,0.030573832956187066,-3.4876107680086217,1.0753768752469117,0.8021889483079377
JPN,TUR,0.009778393883920924,-4.627580032969702,1.2284615456110206,0.770873670249769
KOR,TUR,0.01705673460532695,-4.071210161726447,0.9047980498751663,0.38370181196104125
MEX,TUR,0.006554405911976924,-5.027617797151094,0.8549402183897424,0.8365849788837711
NOR,TUR,0.0019549869689005264,-6.23737175109105,0.8474600534212641,0.25917956607912074
POL,TUR,0.012880061914919439,-4.352074751258521,0.9597020257122522,1.031596542556268
PRT,TUR,0.0026999024414402634,-5.914539639424562,0.9899875404602377,0.7431896865621116
RUS,TUR,0.016564220887308127,-4.100510278003275,0.9390288014366206,1.0947605543934054
ESP,TUR,0.020558331354412058,-3.884489001493669,1.0837950568945338,0.9264606411531962
SWE,TUR,0.006227643966166158,-5.0787571932844475,0.6558502858170887,0.2626151677440633
CHE,TUR,0.03551593295489958,-3.3377738675574022,1.1751914793503493,0.6398487275647704
THA,TUR,0.005786975947782459,-5.1521454126488635,0.8804706587116308,0.9626402239521756
TUR,TUR,1.0,0.0,0.0,0.0
GBR,TUR,0.033536066625246407,-3.395133803607146,0.7237991593016389,0.5670406679420217
USA,TUR,0.025848748138764886,-3.6554931071011456,0.9128293118048438,0.675775789478903
AUS,GBR,0.007968414325115768,-4.832269761417715,0.6223123589236704,0.3967318472607187
AUT,GBR,0.010986258706603826,-4.511109995585669,1.007029888662089,0.840328524727266
BEL,GBR,0.04468498789849265,-3.108117674966931,0.8418677683377764,0.70352875791406
BRA,GBR,0.002889552893245919,-5.846653497045752,1.6749858763815364,1.5688704785699448
CAN,GBR,0.02959720476920488,-3.520075355584052,0.6569481841425433,0.4885954863056364
CHN,GBR,0.071775227863964,-2.634215878281839,1.354148030133,1.2405678554153843
COL,GBR,0.0005203950346918596,-7.560922352701459,2.003714655790822,2.085959529085845
DNK,GBR,0.013269678206654274,-4.322273680618991,0.9391705179484181,0.6491181851571592
FIN,GBR,0.005124511933835553,-5.273719990914891,0.7997116408268459,0.6034143636138115
FRA,GBR,0.05627970512743986,-2.877421286134183,0.5918998510226037,0.4648610189257196
DEU,GBR,0.15805906114827292,-1.8447865110668502,0.7519929934985004,0.688937945193371
GRC,GBR,0.0017643303164841747,-6.339984084684695,1.0402539007698328,0.9266264107318232
IND,GBR,0.01138116262988222,-4.4757956911893455,1.2836225734903055,1.7843988829160846
IDN,GBR,0.0023822062441704963,-6.039728227342798,1.7521793750821777,1.984394683479664
IRL,GBR,0.02607407352689957,-3.6468138098138096,0.296522744524677,0.0903029918301059
ITA,GBR,0.03579177725669086,-3.3300370975245466,0.9356257003513425,0.8191962647719856
JPN,GBR,0.01849337823028449,-3.990342544469478,1.4333719652635581,1.1325425812619239
KOR,GBR,0.01283354480974748,-4.3556928478106585,1.4480101075938339,1.083672361039326
MEX,GBR,0.010533063038628089,-4.553236108276365,1.4155539426015271,1.5539571944551729
NOR,GBR,0.006671770272010225,-5.009870046171618,0.5400423265303065,0.10852033054778024
POL,GBR,0.025177214290890298,-3.6818158883014043,0.9669903336770493,1.1956433418806824
PRT,GBR,0.008699480462734643,-4.744491972031779,0.906647999764685,0.816608637226176
RUS,GBR,0.0044141398041962375,-5.4229422987456255,1.6023459258834256,1.9148361701998273
ESP,GBR,0.03533834464563717,-3.3427866540015407,0.8666618404541276,0.8660859160724073
SWE,GBR,0.01550879666762752,-4.166347889095736,0.7775577552059457,0.5410811284925374
CHE,GBR,0.047610059341527185,-3.044711209367598,0.8165362045247042,0.4379519440987426
THA,GBR,0.0053981564906891,-5.221697774312079,1.0859671415715677,1.3248951981717298
TUR,GBR,0.016823400331378562,-4.084984484858301,1.2234391089623984,1.3801976003220155
GBR,GBR,1.0,0.0,0.0,0.0
USA,GBR,0.06757170544704805,-2.694565942028888,0.8481826790486394,0.7678876480823159
AUS,USA,0.001599842634077198,-6.437850008275195,0.7546691349749699,0.6093836542783416
AUT,USA,0.003597283170516348,-5.627576393287065,0.35505862611458694,0.2686522931460877
BEL,USA,0.0027700716099149625,-5.8888821071621855,0.4063814503929437,0.34833747093555084
BRA,USA,0.0038280952256676834,-5.565387929612098,0.9495423367036678,0.9237219698583997
CAN,USA,0.07162756786015503,-2.6362752531392,0.4196687899302632,0.3316111230596799
CHN,USA,0.08026326562205859,-2.5224432269314985,1.2513798053139462,1.218094661562654
COL,USA,0.0010960674416485123,-6.816026557998641,1.2782711161129534,1.4408110203742999
DNK,USA,0.0024370915518845213,-6.016949937591066,0.42191086935333955,0.2121535675284042
FIN,USA,0.0015727967788093003,-6.454899856634698,0.5124273601474819,0.3964251139007712
FRA,USA,0.00900233064322467,-4.710271774812067,0.4848909143149139,0.43814711318435345
DEU,USA,0.02940418027054737,-3.526618428671943,0.4129951562281906,0.43023513888938486
GRC,USA,0.00018620524376152336,-8.588661031533297,0.6969270907817585,0.6635946317100725
IND,USA,0.008182686714240791,-4.805734733121413,1.302599371224317,1.8836707116164195
IDN,USA,0.00348316412459365,-5.659814167090991,1.5009000013638145,1.8134103407276245
IRL,USA,0.011166084089072312,-4.494874301308039,0.24851177591401746,0.12258705418576991
ITA,USA,0.009235918765136344,-4.684655182988037,0.5343846393223299,0.4982502347092965
JPN,USA,0.023982313383392042,-3.7304386626683574,0.7079284255856896,0.4873940725503788
KOR,USA,0.013113966546942805,-4.334077468086253,0.8341394360451819,0.5500967204569976
MEX,USA,0.1782495742918234,-1.724570607955249,0.6901104029236583,0.9088086857436278
NOR,USA,0.0011739540195994864,-6.747377723931396,0.4188963708907427,0.06766940587454001
POL,USA,0.001858643654930173,-6.287908275045115,0.885743034731298,1.1946910739012546
PRT,USA,0.0008369227912003014,-7.085778736412634,0.5340283094547578,0.5242839778825724
RUS,USA,0.0015890934808461194,-6.444591563173002,0.9594736728120179,1.3522589480947433
ESP,USA,0.0030803140979063777,-5.782723707356511,0.4578610834248089,0.537580190009412
SWE,USA,0.003067787229970015,-5.786798749260789,0.4461764824675445,0.28999488672045987
CHE,USA,0.013909651360654458,-4.2751723372965875,0.415034696996944,0.11674546753730591
THA,USA,0.006691398602194922,-5.0069323680676545,0.9040925794511327,1.2233156670176184
TUR,USA,0.0018080245125531508,-6.315520459275989,0.8132931727823369,1.0503466951082776
GBR,USA,0.013875408857548031,-4.27763715257312,0.5034650459805419,0.5837600769468654
USA,USA,1.0,0.0,0.0,0.0
