iso_o,iso_d,tradeshare,norm_tradeshare,border,dist,importer,exporter,distbin,bin375,bin750,bin1500,bin3000,bin6000,binmax
AUS,AUS,0.591520422518284,1.0,0,648.1148,1,1,2.0,0,1,0,0,0,0
AUS,AUT,0.00020012563027799472,0.00044999595137184243,0,9937.199,2,1,6.0,0,0,0,0,0,1
AUS,BEL,0.00034173098600814644,0.0005010837517098446,0,10416.159,3,1,6.0,0,0,0,0,0,1
AUS,BRA,0.0002288489103619674,0.000260465137089762,0,8310.602,4,1,6.0,0,0,0,0,0,1
AUS,CAN,0.0017558009247456044,0.004133915337293374,0,9687.172,5,1,6.0,0,0,0,0,0,1
AUS,CHN,0.0013973535720887336,0.0014710020873070408,0,5566.461,6,1,5.0,0,0,0,0,1,0
AUS,COL,0.00053957861072207,0.0007776200429226034,0,8862.926,7,1,6.0,0,0,0,0,0,1
AUS,DNK,0.0013034247776053363,0.002783988035674762,0,9977.6875,8,1,6.0,0,0,0,0,0,1
AUS,FIN,0.00028389761476917293,0.0004654303848305238,0,9453.953,9,1,6.0,0,0,0,0,0,1
AUS,FRA,0.00036429487749630726,0.0005946907879849791,0,10550.319,10,1,6.0,0,0,0,0,0,1
AUS,DEU,0.0003642291718969599,0.0005661965846501089,0,10293.801,11,1,6.0,0,0,0,0,0,1
AUS,GRC,0.00027024915300118005,0.00043861925087260883,0,9532.428,12,1,6.0,0,0,0,0,0,1
AUS,IND,0.0036508460012257497,0.004363253872531163,0,6485.46,13,1,6.0,0,0,0,0,0,1
AUS,IDN,0.004089402035372771,0.005082162627052409,0,3425.6694,14,1,5.0,0,0,0,0,1,0
AUS,IRL,0.00045075456115575076,0.0007553606896275192,0,10708.827,15,1,6.0,0,0,0,0,0,1
AUS,ITA,0.00039362288163008745,0.0005427808293235144,0,10151.184,16,1,6.0,0,0,0,0,0,1
AUS,JPN,0.0012052233171094356,0.0013782694526325674,0,4867.276,17,1,5.0,0,0,0,0,1,0
AUS,KOR,0.0015711221439632505,0.001977039384218685,0,5176.9126,18,1,5.0,0,0,0,0,1,0
AUS,MEX,0.0002262749660391487,0.0009048902101383542,0,8070.339,19,1,6.0,0,0,0,0,0,1
AUS,NOR,0.0009062800839222889,0.0019967323242731923,0,9921.399,20,1,6.0,0,0,0,0,0,1
AUS,POL,0.00028409966094616987,0.0005267017701024152,0,9700.239,21,1,6.0,0,0,0,0,0,1
AUS,PRT,0.00016959478255658032,0.00033765972011004963,0,11305.543,22,1,6.0,0,0,0,0,0,1
AUS,RUS,0.0006363871402350533,0.0007957689439964912,0,9013.716,23,1,6.0,0,0,0,0,0,1
AUS,ESP,0.0004017339051370803,0.0006570681717916897,0,11000.282,24,1,6.0,0,0,0,0,0,1
AUS,SWE,0.0003796180492824915,0.000741510105540902,0,9700.999,25,1,6.0,0,0,0,0,0,1
AUS,CHE,0.005213832838271529,0.014196703482024285,0,10362.464,26,1,6.0,0,0,0,0,0,1
AUS,THA,0.008500056468155744,0.012866814445126896,0,4685.8423,27,1,5.0,0,0,0,0,1,0
AUS,TUR,0.005284404612019969,0.007403822083308663,0,9297.8955,28,1,6.0,0,0,0,0,0,1
AUS,GBR,0.004713479808393225,0.009224266451468264,0,10572.572,29,1,6.0,0,0,0,0,0,1
AUS,USA,0.0009463395908721085,0.0012883036966654376,0,9949.53,30,1,6.0,0,0,0,0,0,1
AUT,AUS,0.0032952984990254042,0.005570895566033557,0,9937.199,1,2,6.0,0,0,0,0,0,1
AUT,AUT,0.44472762403283517,1.0,0,67.69398,2,2,1.0,1,0,0,0,0,0
AUT,BEL,0.002797964397056796,0.0041026847275545866,0,568.34265,3,2,2.0,0,1,0,0,0,0
AUT,BRA,0.0010354258182516333,0.00117847328733452,0,6306.074,4,2,6.0,0,0,0,0,0,1
AUT,CAN,0.002419079886026598,0.005695561098096691,0,4302.3857,5,2,5.0,0,0,0,0,1,0
AUT,CHN,0.0003445107311406933,0.0003626684145875241,0,4641.4,6,2,5.0,0,0,0,0,1,0
AUT,COL,0.0016274540305857264,0.0023454244626655526,0,6052.619,7,2,6.0,0,0,0,0,0,1
AUT,DNK,0.00634375981678718,0.013549651452519329,0,539.79517,8,2,2.0,0,1,0,0,0,0
AUT,FIN,0.00565127249878773,0.009264868026564827,0,893.60675,9,2,3.0,0,0,1,0,0,0
AUT,FRA,0.006828456207299531,0.011147068634477416,0,643.346,10,2,2.0,0,1,0,0,0,0
AUT,DEU,0.022008328043681254,0.03421208715186809,1,474.66217,11,2,2.0,0,1,0,0,0,0
AUT,GRC,0.006649115871391611,0.01079163501564139,0,797.76263,12,2,3.0,0,0,1,0,0,0
AUT,IND,0.0007480090958774379,0.0008939718583528254,0,3462.459,13,2,5.0,0,0,0,0,1,0
AUT,IDN,0.0007565001909415874,0.0009401513875392016,0,6559.2764,14,2,6.0,0,0,0,0,0,1
AUT,IRL,0.0021481698193587494,0.0035998371974924307,0,1045.3672,15,2,3.0,0,0,1,0,0,0
AUT,ITA,0.008466452055247136,0.011674696981395076,1,476.95044,16,2,2.0,0,1,0,0,0,0
AUT,JPN,0.0005915288357962726,0.0006764606302877224,0,5681.2075,17,2,5.0,0,0,0,0,1,0
AUT,KOR,0.001204132284635754,0.0015152335289023802,0,5151.6655,18,2,5.0,0,0,0,0,1,0
AUT,MEX,0.0027211813153896766,0.010882203963656781,0,6316.663,19,2,6.0,0,0,0,0,0,1
AUT,NOR,0.00514271483795081,0.011330520369612646,0,840.0864,20,2,3.0,0,0,1,0,0,0
AUT,POL,0.012393544846688012,0.02297680323466168,0,346.0687,21,2,1.0,1,0,0,0,0,0
AUT,PRT,0.004146107699079979,0.008254815060424442,0,1429.003,22,2,3.0,0,0,1,0,0,0
AUT,RUS,0.002760108590432161,0.003451371907849345,0,1041.454,23,2,3.0,0,0,1,0,0,0
AUT,ESP,0.004384048158584392,0.007170464010561521,0,1126.1647,24,2,3.0,0,0,1,0,0,0
AUT,SWE,0.008989227757791438,0.01755870996126148,0,772.101,25,2,3.0,0,0,1,0,0,0
AUT,CHE,0.024025223369195645,0.06541808739210447,1,425.66034,26,2,2.0,0,1,0,0,0,0
AUT,THA,0.0009411543342645556,0.0014246562041765355,0,5251.984,27,2,5.0,0,0,0,0,1,0
AUT,TUR,0.002942754523775594,0.004123005812107538,0,792.42993,28,2,3.0,0,0,1,0,0,0
AUT,GBR,0.004885892731597968,0.009561678047140131,0,769.5457,29,2,3.0,0,0,1,0,0,0
AUT,USA,0.0015998111973970397,0.0021779102337607923,0,4225.42,30,2,5.0,0,0,0,0,1,0
BEL,AUS,0.0038477703229311063,0.006504881617696253,0,10416.159,1,3,6.0,0,0,0,0,0,1
BEL,AUT,0.011158801821834544,0.02509131706424125,0,568.34265,2,3,2.0,0,1,0,0,0,0
BEL,BEL,0.6819837698629424,1.0,0,42.538643,3,3,1.0,1,0,0,0,0,0
BEL,BRA,0.0017126295481183797,0.0019492349311564185,0,6007.285,4,3,6.0,0,0,0,0,0,1
BEL,CAN,0.0028796544473817984,0.006779952965260843,0,3748.6228,5,3,5.0,0,0,0,0,1,0
BEL,CHN,0.00046501591012406454,0.0004895249048535333,0,4953.897,6,3,5.0,0,0,0,0,1,0
BEL,COL,0.002389781625059373,0.003444061815881591,0,5515.309,7,3,5.0,0,0,0,0,1,0
BEL,DNK,0.021106110888460008,0.045080591686349814,0,476.79153,8,3,2.0,0,1,0,0,0,0
BEL,FIN,0.010189766461916577,0.01670541307491808,0,1026.4648,9,3,3.0,0,0,1,0,0,0
BEL,FRA,0.02508784757553967,0.04095449254209172,1,163.07304,10,3,1.0,1,0,0,0,0,0
BEL,DEU,0.01938482151445644,0.030133829419468298,1,122.3593,11,3,1.0,1,0,0,0,0,0
BEL,GRC,0.021000738446490107,0.03408457737194412,0,1298.462,12,3,3.0,0,0,1,0,0,0
BEL,IND,0.0052872028546318475,0.006318921237046101,0,3989.8066,13,3,5.0,0,0,0,0,1,0
BEL,IDN,0.0012436488098862648,0.0015455622724572834,0,7095.267,14,3,6.0,0,0,0,0,0,1
BEL,IRL,0.009461911199412422,0.01585598102536545,0,482.05603,15,3,2.0,0,1,0,0,0,0
BEL,ITA,0.018031850562953453,0.02486477097638685,0,730.2074,16,3,2.0,0,1,0,0,0,0
BEL,JPN,0.0009534509646241138,0.0010903475899190123,0,5881.456,17,3,5.0,0,0,0,0,1,0
BEL,KOR,0.0009113993236536675,0.0011468696845353097,0,5420.8296,18,3,5.0,0,0,0,0,1,0
BEL,MEX,0.0021277293576843644,0.00850894599298906,0,5754.725,19,3,5.0,0,0,0,0,1,0
BEL,NOR,0.008661599413681638,0.019083389159732265,0,676.0551,20,3,2.0,0,1,0,0,0,0
BEL,POL,0.016129322462671035,0.029902685076597633,0,721.3451,21,3,2.0,0,1,0,0,0,0
BEL,PRT,0.017309390986456022,0.034462641053313356,0,1063.6395,22,3,3.0,0,0,1,0,0,0
BEL,RUS,0.0037537960213180764,0.0046939262392373185,0,1405.3757,23,3,3.0,0,0,1,0,0,0
BEL,ESP,0.013517856735706013,0.022109543900312688,0,818.2972,24,3,3.0,0,0,1,0,0,0
BEL,SWE,0.03091155941634668,0.060379725696847276,0,797.83496,25,3,3.0,0,0,1,0,0,0
BEL,CHE,0.014441563472600855,0.03932281697495227,0,302.95557,26,3,1.0,1,0,0,0,0,0
BEL,THA,0.003080524212029833,0.004663090601621443,0,5755.4644,27,3,5.0,0,0,0,0,1,0
BEL,TUR,0.0074318099067318105,0.010412487753351683,0,1354.5007,28,3,3.0,0,0,1,0,0,0
BEL,GBR,0.03047443650329398,0.05963838473736031,0,201.23035,29,3,1.0,1,0,0,0,0,0
BEL,USA,0.0018891438793201163,0.0025717945933320906,0,3661.7227,30,3,5.0,0,0,0,0,1,0
BRA,AUS,0.0011094018589810242,0.0018755089710308904,0,8310.602,1,4,6.0,0,0,0,0,0,1
BRA,AUT,0.0009928959810257356,0.0022325934512950965,0,6306.074,2,4,6.0,0,0,0,0,0,1
BRA,BEL,0.00263964294594872,0.003870536312732496,0,6007.285,3,4,6.0,0,0,0,0,0,1
BRA,BRA,0.8786162820826998,1.0,0,682.0113,4,4,2.0,0,1,0,0,0,0
BRA,CAN,0.0037371947155165246,0.008798973924201531,0,5090.959,5,4,5.0,0,0,0,0,1,0
BRA,CHN,0.00046908607563001,0.0004938095913312594,0,10947.362,6,4,6.0,0,0,0,0,0,1
BRA,COL,0.02122475270977239,0.03058830128775482,1,2734.0796,7,4,4.0,0,0,0,1,0,0
BRA,DNK,0.002060647391434525,0.0044013415902971085,0,6483.328,8,4,6.0,0,0,0,0,0,1
BRA,FIN,0.003637629272875609,0.005963640073981751,0,7032.9727,9,4,6.0,0,0,0,0,0,1
BRA,FRA,0.0012937737487483997,0.0021120124867121284,0,5847.363,10,4,5.0,0,0,0,0,1,0
BRA,DEU,0.0020368470366400803,0.003166291787102005,0,6120.363,11,4,6.0,0,0,0,0,0,1
BRA,GRC,0.0010126151290066573,0.0016434926229176034,0,6237.429,12,4,6.0,0,0,0,0,0,1
BRA,IND,0.001059734064327313,0.0012665252816681102,0,8975.446,13,4,6.0,0,0,0,0,0,1
BRA,IDN,0.0015735912178418726,0.0019556028994945364,0,9723.107,14,4,6.0,0,0,0,0,0,1
BRA,IRL,0.0014313893162665868,0.0023986783811755954,0,5841.154,15,4,5.0,0,0,0,0,1,0
BRA,ITA,0.002690327830367032,0.0037097903578965376,0,5893.422,16,4,5.0,0,0,0,0,1,0
BRA,JPN,0.0007226831433702879,0.0008264460920227179,0,11528.659,17,4,6.0,0,0,0,0,0,1
BRA,KOR,0.0008472922308069596,0.0010661997965493953,0,11413.615,18,4,6.0,0,0,0,0,0,1
BRA,MEX,0.009984197794651027,0.03992754036653595,0,4623.7637,19,4,5.0,0,0,0,0,1,0
BRA,NOR,0.0060535622266842636,0.013337315460698272,0,6613.4297,20,4,6.0,0,0,0,0,0,1
BRA,POL,0.0015486676041944173,0.0028711261594360693,0,6630.677,21,4,6.0,0,0,0,0,0,1
BRA,PRT,0.005220302718001025,0.010393515225398454,0,4944.464,22,4,5.0,0,0,0,0,1,0
BRA,RUS,0.0010613728260718827,0.0013271913896277553,0,7346.272,23,4,6.0,0,0,0,0,0,1
BRA,ESP,0.0018966212660719533,0.0031020769020078222,0,5214.2827,24,4,5.0,0,0,0,0,1,0
BRA,SWE,0.0014355330502539248,0.0028040349124947026,0,6796.8613,25,4,6.0,0,0,0,0,0,1
BRA,CHE,0.0031294951655346593,0.008521277204631831,0,5925.725,26,4,5.0,0,0,0,0,1,0
BRA,THA,0.0014512266596588465,0.002196769423545148,0,10198.866,27,4,6.0,0,0,0,0,0,1
BRA,TUR,0.0027785319467082017,0.0038929184452348776,0,6582.2007,28,4,6.0,0,0,0,0,0,1
BRA,GBR,0.002538808219945038,0.004968440396890984,0,5905.3516,29,4,5.0,0,0,0,0,1,0
BRA,USA,0.0033634267946346737,0.004578816330613632,0,4782.043,30,4,5.0,0,0,0,0,1,0
CAN,AUS,0.0039555395260188015,0.006687071782202981,0,9687.172,1,5,6.0,0,0,0,0,0,1
CAN,AUT,0.0014544334780580404,0.003270391582310742,0,4302.3857,2,5,5.0,0,0,0,0,1,0
CAN,BEL,0.0034501290483756374,0.005058960639296455,0,3748.6228,3,5,5.0,0,0,0,0,1,0
CAN,BRA,0.001558133967748561,0.0017733952801957083,0,5090.959,4,5,5.0,0,0,0,0,1,0
CAN,CAN,0.42473074107395525,1.0,0,738.3445,5,5,2.0,0,1,0,0,0,0
CAN,CHN,0.0008628657579503667,0.0009083437122599352,0,6586.898,6,5,6.0,0,0,0,0,0,1
CAN,COL,0.004065098821920393,0.005858464841955353,0,2711.7302,7,5,4.0,0,0,0,1,0,0
CAN,DNK,0.0027432588813433843,0.005859333070566332,0,3888.8906,8,5,5.0,0,0,0,0,1,0
CAN,FIN,0.0022103210320472606,0.0036236675302157703,0,4108.6504,9,5,5.0,0,0,0,0,1,0
CAN,FRA,0.0017106252003761784,0.002792498910086882,0,3731.9114,10,5,5.0,0,0,0,0,1,0
CAN,DEU,0.0012263279233755968,0.0019063346251484551,0,3828.8125,11,5,5.0,0,0,0,0,1,0
CAN,GRC,0.0013005444490589001,0.0021108071038811126,0,5036.2363,12,5,5.0,0,0,0,0,1,0
CAN,IND,0.0025724332981075866,0.003074405095703184,0,7236.5605,13,5,6.0,0,0,0,0,0,1
CAN,IDN,0.0021273347116345293,0.00264377551367722,0,9829.331,14,5,6.0,0,0,0,0,0,1
CAN,IRL,0.0024771906806371666,0.004151200280851737,0,3267.0288,15,5,5.0,0,0,0,0,1,0
CAN,ITA,0.0009972037615247756,0.0013750803369038014,0,4405.9653,16,5,5.0,0,0,0,0,1,0
CAN,JPN,0.001514307499670667,0.001731731986146903,0,6437.845,17,5,6.0,0,0,0,0,0,1
CAN,KOR,0.001678161884021078,0.0021117340561663586,0,6598.946,18,5,6.0,0,0,0,0,0,1
CAN,MEX,0.010268687091614133,0.04106523396215235,0,2030.6339,19,5,4.0,0,0,0,1,0,0
CAN,NOR,0.013793815470044163,0.030390778427895473,0,3692.7231,20,5,5.0,0,0,0,0,1,0
CAN,POL,0.0012827645985935222,0.002378159771306235,0,4304.4663,21,5,5.0,0,0,0,0,1,0
CAN,PRT,0.0013138013367119759,0.0026157514101966834,0,3561.7188,22,5,5.0,0,0,0,0,1,0
CAN,RUS,0.0008527756518752148,0.0010663514974674215,0,4658.4966,23,5,5.0,0,0,0,0,1,0
CAN,ESP,0.001360135846912025,0.002224611771351177,0,3754.194,24,5,5.0,0,0,0,0,1,0
CAN,SWE,0.0018788674391803546,0.0036700025084614573,0,3937.4502,25,5,5.0,0,0,0,0,1,0
CAN,CHE,0.005975328842998158,0.016270174825887704,0,4002.9316,26,5,5.0,0,0,0,0,1,0
CAN,THA,0.0015233457030424385,0.002305938386440058,0,8481.742,27,5,6.0,0,0,0,0,0,1
CAN,TUR,0.004099486862783078,0.005743669077850015,0,5094.6123,28,5,5.0,0,0,0,0,1,0
CAN,GBR,0.012570842715341991,0.024601103099949798,0,3552.3599,29,5,5.0,0,0,0,0,1,0
CAN,USA,0.030422429978568664,0.041415713112896865,1,340.82947,30,5,1.0,1,0,0,0,0,0
CHN,AUS,0.12546964607248798,0.21211380249277817,0,5566.461,1,6,5.0,0,0,0,0,1,0
CHN,AUT,0.03813911608268385,0.08575836989129318,0,4641.4,2,6,5.0,0,0,0,0,1,0
CHN,BEL,0.019924322838967806,0.029215244877413987,0,4953.897,3,6,5.0,0,0,0,0,1,0
CHN,BRA,0.034395443659196126,0.03914728688804182,0,10947.362,4,6,6.0,0,0,0,0,0,1
CHN,CAN,0.06815194581524925,0.16045917854432498,0,6586.898,5,6,6.0,0,0,0,0,0,1
CHN,CHN,0.9499330994471019,1.0,0,723.2487,6,6,2.0,0,1,0,0,0,0
CHN,COL,0.08167692809202154,0.11770966281207768,0,9283.702,7,6,6.0,0,0,0,0,0,1
CHN,DNK,0.05634192700500842,0.12034085386728652,0,4480.023,8,6,5.0,0,0,0,0,1,0
CHN,FIN,0.041812369902203494,0.06854847100452614,0,3932.179,9,6,5.0,0,0,0,0,1,0
CHN,FRA,0.04845409664935401,0.07909857288014367,0,5112.0156,10,6,5.0,0,0,0,0,1,0
CHN,DEU,0.052896545543886835,0.08222801943829595,0,4838.6216,11,6,5.0,0,0,0,0,1,0
CHN,GRC,0.04958345880910483,0.08047484817992177,0,4737.9966,12,6,5.0,0,0,0,0,1,0
CHN,IND,0.05664079418750376,0.06769339613308564,1,2352.4011,13,6,4.0,0,0,0,1,0,0
CHN,IDN,0.07653657654252041,0.09511692065059492,0,3244.7979,14,6,5.0,0,0,0,0,1,0
CHN,IRL,0.026215929770308958,0.043931852269565315,0,5152.805,15,6,5.0,0,0,0,0,1,0
CHN,ITA,0.03153329225230163,0.04348239728626781,0,5055.746,16,6,5.0,0,0,0,0,1,0
CHN,JPN,0.055225907582809396,0.06315525125903619,0,1303.9844,17,6,3.0,0,0,1,0,0,0
CHN,KOR,0.07656086940722057,0.09634123908805335,0,593.94104,18,6,2.0,0,1,0,0,0,0
CHN,MEX,0.08730955003831603,0.34915730389542027,0,7748.395,19,6,6.0,0,0,0,0,0,1
CHN,NOR,0.0657345313670557,0.14482748316998753,0,4369.799,20,6,5.0,0,0,0,0,1,0
CHN,POL,0.07057439456551444,0.1308402073334606,0,4318.1475,21,6,5.0,0,0,0,0,1,0
CHN,PRT,0.02804390818602423,0.05583484377372115,0,6013.4434,22,6,6.0,0,0,0,0,0,1
CHN,RUS,0.05624509310147663,0.07033155686617855,1,3601.644,23,6,5.0,0,0,0,0,1,0
CHN,ESP,0.04895256290464864,0.08006586101140684,0,5737.911,24,6,5.0,0,0,0,0,1,0
CHN,SWE,0.04133141883442025,0.08073289665755545,0,4172.6455,25,6,5.0,0,0,0,0,1,0
CHN,CHE,0.03856783549481332,0.10501604893126439,0,5024.403,26,6,5.0,0,0,0,0,1,0
CHN,THA,0.1080708318594216,0.16359036503758523,0,2053.3816,27,6,4.0,0,0,0,1,0,0
CHN,TUR,0.0455890672988596,0.06387348585249968,0,4390.4272,28,6,5.0,0,0,0,0,1,0
CHN,GBR,0.0681816646683373,0.1334313219896442,0,5066.099,29,6,5.0,0,0,0,0,1,0
CHN,USA,0.07624473268410814,0.1037961128495989,0,6832.6196,30,6,6.0,0,0,0,0,0,1
COL,AUS,0.00014835883170376724,0.000250809314532469,0,8862.926,1,7,6.0,0,0,0,0,0,1
COL,AUT,0.0001806335648095915,0.000406166730034865,0,6052.619,2,7,6.0,0,0,0,0,0,1
COL,BEL,0.0006780286794286147,0.0009942006091506804,0,5515.309,3,7,5.0,0,0,0,0,1,0
COL,BRA,0.0007752670531664385,0.0008823727365132832,1,2734.0796,4,7,4.0,0,0,0,1,0,0
COL,CAN,0.0005476655213184904,0.0012894416823554793,0,2711.7302,5,7,4.0,0,0,0,1,0,0
COL,CHN,2.672845553553642e-5,2.8137197820660655e-5,0,9283.702,6,7,6.0,0,0,0,0,0,1
COL,COL,0.6938846492357892,1.0,0,249.783,7,7,1.0,1,0,0,0,0,0
COL,DNK,5.402498580685331e-5,0.00011539209373486339,0,5869.3516,8,7,5.0,0,0,0,0,1,0
COL,FIN,0.0005266114235000437,0.0008633427853737277,0,6291.7896,9,7,6.0,0,0,0,0,0,1
COL,FRA,0.0001040549250078839,0.00016986378115427562,0,5411.8564,10,7,5.0,0,0,0,0,1,0
COL,DEU,0.00017674895855830249,0.0002747573901205407,0,5632.5273,11,7,5.0,0,0,0,0,1,0
COL,GRC,0.00032921175524219023,0.0005343166180511789,0,6504.921,12,7,6.0,0,0,0,0,0,1
COL,IND,0.0001070956069701513,0.00012799370931742938,0,9503.144,13,7,6.0,0,0,0,0,0,1
COL,IDN,1.5801682627450104e-5,1.9637766157283634e-5,0,12288.587,14,7,6.0,0,0,0,0,0,1
COL,IRL,4.7687560775413673e-5,7.991335395832887e-5,0,5101.3135,15,7,5.0,0,0,0,0,1,0
COL,ITA,0.00024338043910014832,0.0003356060908574022,0,5886.5405,16,7,5.0,0,0,0,0,1,0
COL,JPN,0.0001432256954351947,0.00016379006118453658,0,8864.425,17,7,6.0,0,0,0,0,0,1
COL,KOR,0.00019609845278232305,0.0002467627140414547,0,9209.012,18,7,6.0,0,0,0,0,0,1
COL,MEX,0.0019458014058600552,0.007781402750190132,0,1919.8004,19,7,4.0,0,0,0,1,0,0
COL,NOR,0.0004538346699853353,0.0009998965788961096,0,5803.287,20,7,5.0,0,0,0,0,1,0
COL,POL,7.064692481606089e-5,0.00013097467356697022,0,6228.019,21,7,6.0,0,0,0,0,0,1
COL,PRT,0.00031458653408721694,0.0006263353120243662,0,4733.602,22,7,5.0,0,0,0,0,1,0
COL,RUS,6.717294726854385e-5,8.399626883295839e-5,0,6823.5576,23,7,6.0,0,0,0,0,0,1
COL,ESP,0.0003840360196139655,0.0006281218540013512,0,5038.534,24,7,5.0,0,0,0,0,1,0
COL,SWE,0.00019607414875816867,0.00038299275551916646,0,6060.852,25,7,6.0,0,0,0,0,0,1
COL,CHE,0.0016144874706163245,0.004396074942706035,0,5637.467,26,7,5.0,0,0,0,0,1,0
COL,THA,9.845952604939613e-5,0.00014904141599280323,0,11144.698,27,7,6.0,0,0,0,0,0,1
COL,TUR,4.028282273382035e-5,5.643906446078553e-5,0,6738.5493,28,7,6.0,0,0,0,0,0,1
COL,GBR,0.00036109412611120737,0.0007066601680097797,0,5326.6997,29,7,5.0,0,0,0,0,1,0
COL,USA,0.0007605443722870467,0.0010353705326779593,0,2499.1743,30,7,4.0,0,0,0,1,0,0
DNK,AUS,0.0023723122940867577,0.004010533201858181,0,9977.6875,1,8,6.0,0,0,0,0,0,1
DNK,AUT,0.00333173917514037,0.007491639815237519,0,539.79517,2,8,2.0,0,1,0,0,0,0
DNK,BEL,0.0020673556147172557,0.0030313853585294706,0,476.79153,3,8,2.0,0,1,0,0,0,0
DNK,BRA,0.0007583088471206676,0.0008630716987433335,0,6483.328,4,8,6.0,0,0,0,0,0,1
DNK,CAN,0.0015865544805814548,0.0037354359530693817,0,3888.8906,5,8,5.0,0,0,0,0,1,0
DNK,CHN,0.0002596032724864628,0.00027328584785345624,0,4480.023,6,8,5.0,0,0,0,0,1,0
DNK,COL,0.0009883342783197733,0.0014243495362064524,0,5869.3516,7,8,5.0,0,0,0,0,1,0
DNK,DNK,0.46818619940276507,1.0,0,48.527306,8,8,1.0,1,0,0,0,0,0
DNK,FIN,0.013499690443442335,0.0221318031266058,0,549.8056,9,8,2.0,0,1,0,0,0,0
DNK,FRA,0.002623361548220625,0.004282489386078815,0,638.6633,10,8,2.0,0,1,0,0,0,0
DNK,DEU,0.005330192384461068,0.008285818260772501,1,370.3254,11,8,1.0,1,0,0,0,0,0
DNK,GRC,0.00556182839459516,0.009026947825100792,0,1327.2439,12,8,3.0,0,0,1,0,0,0
DNK,IND,0.0004030278851219625,0.00048167273555390646,0,3637.3254,13,8,5.0,0,0,0,0,1,0
DNK,IDN,0.00043238886266136467,0.000537357417823795,0,6738.147,14,8,6.0,0,0,0,0,0,1
DNK,IRL,0.0033187618716202087,0.005561479510332348,0,770.9746,15,8,3.0,0,0,1,0,0,0
DNK,ITA,0.002119222296884158,0.002922272280158376,0,953.4405,16,8,3.0,0,0,1,0,0,0
DNK,JPN,0.0005393188635275198,0.0006167543427646763,0,5408.6616,17,8,5.0,0,0,0,0,1,0
DNK,KOR,0.0004967418277633471,0.0006250807176579921,0,4944.0747,18,8,5.0,0,0,0,0,1,0
DNK,MEX,0.0008404447550557015,0.0033610003100407165,0,5918.473,19,8,5.0,0,0,0,0,1,0
DNK,NOR,0.033036237102384826,0.07278602240622713,0,301.62512,20,8,1.0,1,0,0,0,0,0
DNK,POL,0.005459678019611215,0.01012187789151687,0,415.72897,21,8,2.0,0,1,0,0,0,0
DNK,PRT,0.0029715670417036124,0.005916328795404671,0,1540.3793,22,8,4.0,0,0,0,1,0,0
DNK,RUS,0.0016529316601431047,0.0020669048736663862,0,973.50006,23,8,3.0,0,0,1,0,0,0
DNK,ESP,0.0030283727332948746,0.0049531476181749875,0,1289.6063,24,8,3.0,0,0,1,0,0,0
DNK,SWE,0.036481317833404706,0.0712591666493418,0,325.53583,25,8,1.0,1,0,0,0,0,0
DNK,CHE,0.00234391561316626,0.006382228962683818,0,642.32916,26,8,2.0,0,1,0,0,0,0
DNK,THA,0.0008896037784126349,0.001346622435909849,0,5362.8555,27,8,5.0,0,0,0,0,1,0
DNK,TUR,0.0016517669282805892,0.0023142415007862253,0,1254.4926,28,8,3.0,0,0,1,0,0,0
DNK,GBR,0.006212680206871163,0.012158197326717322,0,596.39136,29,8,2.0,0,1,0,0,0,0
DNK,USA,0.0011410126312734006,0.0015533227236713344,0,3848.2864,30,8,5.0,0,0,0,0,1,0
FIN,AUS,0.0019263157187366317,0.0032565498086029126,0,9453.953,1,9,6.0,0,0,0,0,0,1
FIN,AUT,0.0024903982522708223,0.005599828114313293,0,893.60675,2,9,3.0,0,0,1,0,0,0
FIN,BEL,0.0023710486672585762,0.0034766936869114694,0,1026.4648,3,9,3.0,0,0,1,0,0,0
FIN,BRA,0.0005764934968558728,0.0006561379621708517,0,7032.9727,4,9,6.0,0,0,0,0,0,1
FIN,CAN,0.0010526019652803713,0.0024782806222568413,0,4108.6504,5,9,5.0,0,0,0,0,1,0
FIN,CHN,0.0002664244998525363,0.0002804665928659668,0,3932.179,6,9,5.0,0,0,0,0,1,0
FIN,COL,0.0015328686234294064,0.00220911159386165,0,6291.7896,7,9,6.0,0,0,0,0,0,1
FIN,DNK,0.009245110519817596,0.01974665321534677,0,549.8056,8,9,2.0,0,1,0,0,0,0
FIN,FIN,0.6099679436969891,1.0,0,135.62206,9,9,1.0,1,0,0,0,0,0
FIN,FRA,0.0023230008464974828,0.00379216752480239,0,1187.7802,10,9,3.0,0,0,1,0,0,0
FIN,DEU,0.004962567929399596,0.0077143436866586295,0,916.69104,11,9,3.0,0,0,1,0,0,0
FIN,GRC,0.00224427546689783,0.0036424995716386284,0,1532.0353,12,9,4.0,0,0,0,1,0,0
FIN,IND,0.0005770567208769848,0.0006896606899308508,0,3244.7756,13,9,5.0,0,0,0,0,1,0
FIN,IDN,0.001084322304560245,0.0013475569885886961,0,6311.193,14,9,6.0,0,0,0,0,0,1
FIN,IRL,0.001971813384138455,0.0033043044841091426,0,1260.8757,15,9,3.0,0,0,1,0,0,0
FIN,ITA,0.0016753103765956238,0.0023101460764097903,0,1369.2715,16,9,3.0,0,0,1,0,0,0
FIN,JPN,0.0005859974640676856,0.0006701350634185457,0,4866.408,17,9,5.0,0,0,0,0,1,0
FIN,KOR,0.0007538682244389782,0.0009486386376473432,0,4394.379,18,9,5.0,0,0,0,0,1,0
FIN,MEX,0.0008333232732822476,0.003332520981322743,0,6128.366,19,9,6.0,0,0,0,0,0,1
FIN,NOR,0.01456155280404541,0.03208227091299687,1,491.75647,20,9,2.0,0,1,0,0,0,0
FIN,POL,0.0052787021907862615,0.009786360808988865,0,566.3693,21,9,2.0,0,1,0,0,0,0
FIN,PRT,0.0020502949395444685,0.004082095009017569,0,2090.1045,22,9,4.0,0,0,0,1,0,0
FIN,RUS,0.004841986120029579,0.006054651230316251,1,554.80286,23,9,2.0,0,1,0,0,0,0
FIN,ESP,0.0022518490314313304,0.003683080534934172,0,1834.8009,24,9,4.0,0,0,0,1,0,0
FIN,SWE,0.025011567387454033,0.048855237542757696,1,247.29161,25,9,1.0,1,0,0,0,0,0
FIN,CHE,0.003550780790587051,0.0096683924431961,0,1155.5997,26,9,3.0,0,0,1,0,0,0
FIN,THA,0.0007230243355122406,0.001094465666104645,0,4905.3,27,9,5.0,0,0,0,0,1,0
FIN,TUR,0.0019505915946470237,0.0027329158503711717,0,1331.9681,28,9,3.0,0,0,1,0,0,0
FIN,GBR,0.0031257880067323534,0.00611715815427074,0,1135.4431,29,9,3.0,0,0,1,0,0,0
FIN,USA,0.0009593556170235572,0.0013060231229354007,0,4118.038,30,9,5.0,0,0,0,0,1,0
FRA,AUS,0.007826851535848235,0.013231752003636537,0,10550.319,1,10,6.0,0,0,0,0,0,1
FRA,AUT,0.01951035362062518,0.04387034347833696,0,643.346,2,10,2.0,0,1,0,0,0,0
FRA,BEL,0.04181393507072261,0.06131221433484541,1,163.07304,3,10,1.0,1,0,0,0,0,0
FRA,BRA,0.0053392214652813515,0.00607685240321872,0,5847.363,4,10,5.0,0,0,0,0,1,0
FRA,CAN,0.0058454145299101585,0.013762635864617907,0,3731.9114,5,10,5.0,0,0,0,0,1,0
FRA,CHN,0.0013731681257984922,0.0014455419298450907,0,5112.0156,6,10,5.0,0,0,0,0,1,0
FRA,COL,0.008362881757177055,0.012052265122722524,0,5411.8564,7,10,5.0,0,0,0,0,1,0
FRA,DNK,0.023412255584544177,0.05000629154470952,0,638.6633,8,10,2.0,0,1,0,0,0,0
FRA,FIN,0.01883964654667904,0.030886289585142397,0,1187.7802,9,10,3.0,0,0,1,0,0,0
FRA,FRA,0.6125786456700735,1.0,0,172.89474,10,10,1.0,1,0,0,0,0,0
FRA,DEU,0.035808500004838074,0.055664543008977885,1,273.39868,11,10,1.0,1,0,0,0,0,0
FRA,GRC,0.02501576892095977,0.04060104426697594,0,1304.3667,12,10,3.0,0,0,1,0,0,0
FRA,IND,0.004271019182574545,0.005104444553883262,0,4098.341,13,10,5.0,0,0,0,0,1,0
FRA,IDN,0.004073362249928514,0.005062228955228109,0,7199.657,14,10,6.0,0,0,0,0,0,1
FRA,IRL,0.01867807001589165,0.031300137733359476,0,483.6564,15,10,2.0,0,1,0,0,0,0
FRA,ITA,0.03341281685411847,0.04607414174452522,1,689.808,16,10,2.0,0,1,0,0,0,0
FRA,JPN,0.002656295440754392,0.003037686718457762,0,6044.518,17,10,6.0,0,0,0,0,0,1
FRA,KOR,0.004582331707033318,0.0057662291192115064,0,5582.018,18,10,5.0,0,0,0,0,1,0
FRA,MEX,0.00897040205191924,0.035873296723342926,0,5722.0723,19,10,5.0,0,0,0,0,1,0
FRA,NOR,0.01689732238221995,0.037228479796469344,0,834.6114,20,10,3.0,0,0,1,0,0,0
FRA,POL,0.026414229902269975,0.04897021558942942,0,850.32825,21,10,3.0,0,0,1,0,0,0
FRA,PRT,0.04679959380161852,0.0931770276544123,0,902.9583,22,10,3.0,0,0,1,0,0,0
FRA,RUS,0.010601243237740844,0.013256302025887949,0,1550.2278,23,10,4.0,0,0,0,1,0,0
FRA,ESP,0.06070030589301124,0.09928024125000817,1,655.4732,24,10,2.0,0,1,0,0,0,0
FRA,SWE,0.026429937567855714,0.05162574812346792,0,960.719,25,10,3.0,0,0,1,0,0,0
FRA,CHE,0.04681341067047583,0.12746785922873996,1,271.0241,26,10,1.0,1,0,0,0,0,0
FRA,THA,0.007518871645401036,0.011381562776734305,0,5876.1997,27,10,5.0,0,0,0,0,1,0
FRA,TUR,0.015632782604845526,0.021902626610015807,0,1401.9951,28,10,3.0,0,0,1,0,0,0
FRA,GBR,0.0344757455456782,0.06746893504456598,0,213.14325,29,10,1.0,1,0,0,0,0,0
FRA,USA,0.00551463551330077,0.007507374082279111,0,3628.4385,30,10,5.0,0,0,0,0,1,0
DEU,AUS,0.0277094805900109,0.04684450364713214,0,10293.801,1,11,6.0,0,0,0,0,0,1
DEU,AUT,0.28101739070805537,0.6318865200226629,1,474.66217,2,11,2.0,0,1,0,0,0,0
DEU,BEL,0.06729194803479734,0.09867089366118043,1,122.3593,3,11,1.0,1,0,0,0,0,0
DEU,BRA,0.010754550272057241,0.01224032662650448,0,6120.363,4,11,6.0,0,0,0,0,0,1
DEU,CAN,0.018837044035839832,0.04435055486732446,0,3828.8125,5,11,5.0,0,0,0,0,1,0
DEU,CHN,0.006697442574830183,0.007050436055684717,0,4838.6216,6,11,5.0,0,0,0,0,1,0
DEU,COL,0.01762901134244409,0.025406256446024317,0,5632.5273,7,11,5.0,0,0,0,0,1,0
DEU,DNK,0.1444905997988094,0.3086178105700825,1,370.3254,8,11,1.0,1,0,0,0,0,0
DEU,FIN,0.098445105730002,0.16139390069145354,0,916.69104,9,11,3.0,0,0,1,0,0,0
DEU,FRA,0.09532974409661361,0.15562041669333168,1,273.39868,10,11,1.0,1,0,0,0,0,0
DEU,DEU,0.6432910084083989,1.0,0,139.73637,11,11,1.0,1,0,0,0,0,0
DEU,GRC,0.07356934076027347,0.11940436731478647,0,1237.1548,12,11,3.0,0,0,1,0,0,0
DEU,IND,0.009827316550782145,0.011744970065128299,0,3871.7446,13,11,5.0,0,0,0,0,1,0
DEU,IDN,0.007208969169655572,0.008959049116885593,0,6977.762,14,11,6.0,0,0,0,0,0,1
DEU,IRL,0.04930438994186235,0.08262278676150923,0,572.324,15,11,2.0,0,1,0,0,0,0
DEU,ITA,0.06637794689813856,0.09153095195320046,0,712.25806,16,11,2.0,0,1,0,0,0,0
DEU,JPN,0.00807125865730313,0.00923013112485854,0,5778.9565,17,11,5.0,0,0,0,0,1,0
DEU,KOR,0.015120033325712684,0.019026465568250696,0,5309.9966,18,11,5.0,0,0,0,0,1,0
DEU,MEX,0.03545440705968261,0.1417847781226327,0,5842.0024,19,11,5.0,0,0,0,0,1,0
DEU,NOR,0.07920774212242582,0.17451189961502503,0,602.4124,20,11,2.0,0,1,0,0,0,0
DEU,POL,0.16174485570676697,0.2998641445821916,1,600.3239,21,11,2.0,0,1,0,0,0,0
DEU,PRT,0.0902918017747184,0.179769118223387,0,1175.9058,22,11,3.0,0,0,1,0,0,0
DEU,RUS,0.03665950692635935,0.04584080235098089,0,1283.5195,23,11,3.0,0,0,1,0,0,0
DEU,ESP,0.08013249912565525,0.1310631590421209,0,919.4106,24,11,3.0,0,0,1,0,0,0
DEU,SWE,0.136125694565404,0.2658950972821321,0,695.41907,25,11,2.0,0,1,0,0,0,0
DEU,CHE,0.17393317878161613,0.47360125294448985,1,313.1142,26,11,1.0,1,0,0,0,0,0
DEU,THA,0.014509957939943002,0.02196419954611783,0,5634.4805,27,11,5.0,0,0,0,0,1,0
DEU,TUR,0.047296250930205085,0.06626537004722398,0,1266.8318,28,11,3.0,0,0,1,0,0,0
DEU,GBR,0.10167797283415728,0.19898350089403272,0,307.8703,29,11,1.0,1,0,0,0,0,0
DEU,USA,0.018915444777662768,0.025750626589210485,0,3750.9849,30,11,5.0,0,0,0,0,1,0
GRC,AUS,0.00033094247855860613,0.0005594776882760572,0,9532.428,1,12,6.0,0,0,0,0,0,1
GRC,AUT,0.0012024169751997315,0.0027037155108470493,0,797.76263,2,12,3.0,0,0,1,0,0,0
GRC,BEL,0.00032751565907981856,0.0004802396677939111,0,1298.462,3,12,3.0,0,0,1,0,0,0
GRC,BRA,3.0203692991081056e-5,3.437643213199426e-5,0,6237.429,4,12,6.0,0,0,0,0,0,1
GRC,CAN,0.00017155391199660117,0.0004039121622391108,0,5036.2363,5,12,5.0,0,0,0,0,1,0
GRC,CHN,1.2347654501130897e-5,1.2998446425666936e-5,0,4737.9966,6,12,5.0,0,0,0,0,1,0
GRC,COL,0.00010020304642435918,0.00014440879551769583,0,6504.921,7,12,6.0,0,0,0,0,0,1
GRC,DNK,0.0012020206075467183,0.0025673986313139055,0,1327.2439,8,12,3.0,0,0,1,0,0,0
GRC,FIN,0.0005575193730428967,0.0009140142179665969,0,1532.0353,9,12,4.0,0,0,0,1,0,0
GRC,FRA,0.0006766152885829987,0.0011045361985200747,0,1304.3667,10,12,3.0,0,0,1,0,0,0
GRC,DEU,0.000903895809034193,0.0014051118346431898,0,1237.1548,11,12,3.0,0,0,1,0,0,0
GRC,GRC,0.6161360963148204,1.0,0,84.80869,12,12,1.0,1,0,0,0,0,0
GRC,IND,7.903970886717195e-5,9.446312325489367e-5,0,3116.1804,13,12,5.0,0,0,0,0,1,0
GRC,IDN,0.00020902820042864096,0.000259772773385834,0,6108.707,14,12,6.0,0,0,0,0,0,1
GRC,IRL,0.0005150356334237366,0.0008630809419835784,0,1774.5323,15,12,4.0,0,0,0,1,0,0
GRC,ITA,0.001897773677450524,0.0026169087687411387,0,652.8344,16,12,2.0,0,1,0,0,0,0
GRC,JPN,2.1109211085187663e-5,2.4140074619254266e-5,0,5915.467,17,12,5.0,0,0,0,0,1,0
GRC,KOR,4.1330941205925724e-5,5.2009259028592354e-5,0,5300.3687,18,12,5.0,0,0,0,0,1,0
GRC,MEX,0.00023882333592204925,0.0009550720630361561,0,7019.6255,19,12,6.0,0,0,0,0,0,1
GRC,NOR,0.0006101648878025423,0.0013443260822184533,0,1619.8914,20,12,4.0,0,0,0,1,0,0
GRC,POL,0.0013546774624634541,0.00251148141120993,0,994.5126,21,12,3.0,0,0,1,0,0,0
GRC,PRT,0.00130350626444218,0.002595254133283272,0,1773.6316,22,12,4.0,0,0,0,1,0,0
GRC,RUS,0.0003138305994383232,0.0003924288046056031,0,1388.1807,23,12,3.0,0,0,1,0,0,0
GRC,ESP,0.0009739392359649253,0.001592956096133598,0,1474.769,24,12,3.0,0,0,1,0,0,0
GRC,SWE,0.0006977147704733787,0.001362850249267699,0,1496.8164,25,12,3.0,0,0,1,0,0,0
GRC,CHE,0.0004593235411875087,0.0012506883743350328,0,1033.3445,26,12,3.0,0,0,1,0,0,0
GRC,THA,8.277970924766402e-5,0.0001253063626931816,0,4928.7666,27,12,5.0,0,0,0,0,1,0
GRC,TUR,0.0018444619118943818,0.0025842207093762443,1,348.486,28,12,1.0,1,0,0,0,0,0
GRC,GBR,0.001087067593808451,0.0021273881598452963,0,1488.4088,29,12,3.0,0,0,1,0,0,0
GRC,USA,0.00011472777200457455,0.00015618517307034832,0,4928.11,30,12,5.0,0,0,0,0,1,0
IND,AUS,0.0068858756168938065,0.011640976971815311,0,6485.46,1,13,6.0,0,0,0,0,0,1
IND,AUT,0.0036991450335113344,0.008317776620141363,0,3462.459,2,13,5.0,0,0,0,0,1,0
IND,BEL,0.008210807478694673,0.012039593670014743,0,3989.8066,3,13,5.0,0,0,0,0,1,0
IND,BRA,0.0034710773222775748,0.003950618026392162,0,8975.446,4,13,6.0,0,0,0,0,0,1
IND,CAN,0.004207584036417153,0.00990647398344194,0,7236.5605,5,13,6.0,0,0,0,0,0,1
IND,CHN,0.0006535376899541215,0.0006879828593555756,1,2352.4011,6,13,4.0,0,0,0,1,0,0
IND,COL,0.008759416080075083,0.012623735212649938,0,9503.144,7,13,6.0,0,0,0,0,0,1
IND,DNK,0.006494368664036236,0.013871337242149989,0,3637.3254,8,13,5.0,0,0,0,0,1,0
IND,FIN,0.0033212499901229325,0.0054449582546797146,0,3244.7756,9,13,5.0,0,0,0,0,1,0
IND,FRA,0.004716573938498439,0.0076995402497897734,0,4098.341,10,13,5.0,0,0,0,0,1,0
IND,DEU,0.004831632727193226,0.007510804074733503,0,3871.7446,11,13,5.0,0,0,0,0,1,0
IND,GRC,0.005495781214081943,0.008919752059573903,0,3116.1804,12,13,5.0,0,0,0,0,1,0
IND,IND,0.8367255511327516,1.0,0,423.8543,13,13,2.0,0,1,0,0,0,0
IND,IDN,0.0074510631469853475,0.009259914855489283,0,3106.4194,14,13,5.0,0,0,0,0,1,0
IND,IRL,0.0034149705325733147,0.005722703038052942,0,4403.0015,15,13,5.0,0,0,0,0,1,0
IND,ITA,0.005438659662978253,0.007499564532566642,0,3680.685,16,13,5.0,0,0,0,0,1,0
IND,JPN,0.0013231901456632336,0.0015131739752314109,0,3634.3757,17,13,5.0,0,0,0,0,1,0
IND,KOR,0.0028103586012210376,0.003536446647219866,0,2916.5146,18,13,4.0,0,0,0,1,0,0
IND,MEX,0.009073079781839431,0.036283912507450194,0,9119.736,19,13,6.0,0,0,0,0,0,1
IND,NOR,0.004086100378199585,0.009002568687226747,0,3723.853,20,13,5.0,0,0,0,0,1,0
IND,POL,0.005013356932401857,0.009294428446894883,0,3275.2227,21,13,5.0,0,0,0,0,1,0
IND,PRT,0.007049603864067202,0.01403561614186755,0,4836.832,22,13,5.0,0,0,0,0,1,0
IND,RUS,0.0030090341610423945,0.0037626403574051687,0,2698.4968,23,13,4.0,0,0,0,1,0,0
IND,ESP,0.007386905576811188,0.01208187927503151,0,4525.8213,24,13,5.0,0,0,0,0,1,0
IND,SWE,0.0038266914409005944,0.007474698264684267,0,3464.4014,25,13,5.0,0,0,0,0,1,0
IND,CHE,0.004937019873165323,0.013442971686722701,0,3883.7869,26,13,5.0,0,0,0,0,1,0
IND,THA,0.01002317546298858,0.015172409655909583,0,1814.6091,27,13,4.0,0,0,0,1,0,0
IND,TUR,0.008139788333925186,0.01140441526432189,0,2833.0103,28,13,4.0,0,0,0,1,0,0
IND,GBR,0.009522909574019677,0.018636306693746076,0,4176.903,29,13,5.0,0,0,0,0,1,0
IND,USA,0.00684666305071977,0.00932073581528619,0,7310.0107,30,13,6.0,0,0,0,0,0,1
IDN,AUS,0.005658765573876375,0.009566475405507173,0,3425.6694,1,14,5.0,0,0,0,0,1,0
IDN,AUT,0.0011719936590068052,0.0026353066364060047,0,6559.2764,2,14,6.0,0,0,0,0,0,1
IDN,BEL,0.0013727709725169493,0.0020129085664206256,0,7095.267,3,14,6.0,0,0,0,0,0,1
IDN,BRA,0.0012628811768838424,0.001437352348957464,0,9723.107,4,14,6.0,0,0,0,0,0,1
IDN,CAN,0.0019103141360688177,0.0044977063144487316,0,9829.331,5,14,6.0,0,0,0,0,0,1
IDN,CHN,0.000906613477817261,0.0009543971868597329,0,3244.7979,6,14,5.0,0,0,0,0,1,0
IDN,COL,0.001696725524352958,0.002445255888311766,0,12288.587,7,14,6.0,0,0,0,0,0,1
IDN,DNK,0.0015177509262533965,0.0032417677586171773,0,6738.147,8,14,6.0,0,0,0,0,0,1
IDN,FIN,0.00142405449029658,0.0023346382461764265,0,6311.193,9,14,6.0,0,0,0,0,0,1
IDN,FRA,0.0016579813756541603,0.002706560843041738,0,7199.657,10,14,6.0,0,0,0,0,0,1
IDN,DEU,0.0020006200318704362,0.0031099766757509612,0,6977.762,11,14,6.0,0,0,0,0,0,1
IDN,GRC,0.0015371107400905621,0.0024947584621063355,0,6108.707,12,14,6.0,0,0,0,0,0,1
IDN,IND,0.003324662176273146,0.003973420163603523,0,3106.4194,13,14,5.0,0,0,0,0,1,0
IDN,IDN,0.8046578465641455,1.0,0,325.06305,14,14,1.0,1,0,0,0,0,0
IDN,IRL,0.0007094991117128402,0.0011889568836294976,0,7506.8853,15,14,6.0,0,0,0,0,0,1
IDN,ITA,0.0011882969826915181,0.0016385856916571874,0,6727.0215,16,14,6.0,0,0,0,0,0,1
IDN,JPN,0.00425055236274319,0.0048608472763659386,0,3599.5198,17,14,5.0,0,0,0,0,1,0
IDN,KOR,0.0033499508700939808,0.004215448703858615,0,3288.803,18,14,5.0,0,0,0,0,1,0
IDN,MEX,0.0021762847126202975,0.008703122423994323,0,10480.708,19,14,6.0,0,0,0,0,0,1
IDN,NOR,0.001676234835006119,0.0036931102619446442,0,6800.458,20,14,6.0,0,0,0,0,0,1
IDN,POL,0.0017263511602437723,0.003200539588433506,0,6381.631,21,14,6.0,0,0,0,0,0,1
IDN,PRT,0.0014941427156294413,0.0029748073823886124,0,7880.053,22,14,6.0,0,0,0,0,0,1
IDN,RUS,0.001416227272371203,0.0017709183761595232,0,5781.6694,23,14,5.0,0,0,0,0,1,0
IDN,ESP,0.001958394224284409,0.0032031115525558585,0,7575.0845,24,14,6.0,0,0,0,0,0,1
IDN,SWE,0.0008384729431230578,0.0016377939924708542,0,6543.3643,25,14,6.0,0,0,0,0,0,1
IDN,CHE,0.004729086285751632,0.012876790994699523,0,6974.9478,26,14,6.0,0,0,0,0,0,1
IDN,THA,0.012154982527388647,0.018399395974554325,0,1439.6931,27,14,3.0,0,0,1,0,0,0
IDN,TUR,0.002681949466663055,0.003757599605910491,0,5874.929,28,14,5.0,0,0,0,0,1,0
IDN,GBR,0.0019168609465058926,0.0037512913685338323,0,7283.2715,29,14,6.0,0,0,0,0,0,1
IDN,USA,0.0028027553437250134,0.003815543706506219,0,10056.137,30,14,6.0,0,0,0,0,0,1
IRL,AUS,0.0034284505618554758,0.005795996945058143,0,10708.827,1,15,6.0,0,0,0,0,0,1
IRL,AUT,0.0027230803097623916,0.00612302938384898,0,1045.3672,2,15,3.0,0,0,1,0,0,0
IRL,BEL,0.021458430258548006,0.031464722779048666,0,482.05603,3,15,2.0,0,1,0,0,0,0
IRL,BRA,0.0005958130818999462,0.0006781266111841361,0,5841.154,4,15,5.0,0,0,0,0,1,0
IRL,CAN,0.0025959640630190267,0.006112023011225859,0,3267.0288,5,15,5.0,0,0,0,0,1,0
IRL,CHN,0.00042256159790330966,0.0004448330078710353,0,5152.805,6,15,5.0,0,0,0,0,1,0
IRL,COL,0.001143086829469649,0.0016473729902060656,0,5101.3135,7,15,5.0,0,0,0,0,1,0
IRL,DNK,0.007858098359197116,0.01678413069249197,0,770.9746,8,15,3.0,0,0,1,0,0,0
IRL,FIN,0.0027578398003313,0.004521286452557086,0,1260.8757,9,15,3.0,0,0,1,0,0,0
IRL,FRA,0.006343948679615482,0.010356137492641634,0,483.6564,10,15,2.0,0,1,0,0,0,0
IRL,DEU,0.006791918408672205,0.010558080744011109,0,572.324,11,15,2.0,0,1,0,0,0,0
IRL,GRC,0.005889090121695437,0.009558099512297285,0,1774.5323,12,15,4.0,0,0,0,1,0,0
IRL,IND,0.00047555513993699044,0.0005683525969694461,0,4403.0015,13,15,5.0,0,0,0,0,1,0
IRL,IDN,0.00027389894926028795,0.0003403918204859677,0,7506.8853,14,15,6.0,0,0,0,0,0,1
IRL,IRL,0.5967408250726223,1.0,0,61.973938,15,15,1.0,1,0,0,0,0,0
IRL,ITA,0.003819346776517102,0.0052666354208042165,0,1173.234,16,15,3.0,0,0,1,0,0,0
IRL,JPN,0.001573433553959272,0.0017993473677312272,0,5965.821,17,15,5.0,0,0,0,0,1,0
IRL,KOR,0.0008501134198301069,0.001069749871780986,0,5573.8696,18,15,5.0,0,0,0,0,1,0
IRL,MEX,0.003996142817939084,0.015980868664199212,0,5273.1646,19,15,5.0,0,0,0,0,1,0
IRL,NOR,0.004243825954073324,0.009350072468120496,0,787.45483,20,15,3.0,0,0,1,0,0,0
IRL,POL,0.004061706986274384,0.0075301330954893764,0,1135.3761,21,15,3.0,0,0,1,0,0,0
IRL,PRT,0.004613849786980254,0.009186079926614566,0,1019.15515,22,15,3.0,0,0,1,0,0,0
IRL,RUS,0.0011557055843597088,0.0014451495862991292,0,1741.65,23,15,4.0,0,0,0,1,0,0
IRL,ESP,0.005460342893859714,0.008930830773170379,0,901.32745,24,15,3.0,0,0,1,0,0,0
IRL,SWE,0.006192505771816813,0.01209585692013699,0,1013.7647,25,15,3.0,0,0,1,0,0,0
IRL,CHE,0.024724034530936044,0.06732087468139668,0,748.26465,26,15,2.0,0,1,0,0,0,0
IRL,THA,0.0009703108201527206,0.0014687913337724894,0,6133.4136,27,15,6.0,0,0,0,0,0,1
IRL,TUR,0.0017939429450324331,0.002513440087917461,0,1835.3585,28,15,4.0,0,0,0,1,0,0
IRL,GBR,0.015559464149446266,0.03044982666542628,1,286.1476,29,15,1.0,1,0,0,0,0,0
IRL,USA,0.006663258232143292,0.009071056833198393,0,3180.6812,30,15,5.0,0,0,0,0,1,0
ITA,AUS,0.011446728422332852,0.019351366388332996,0,10151.184,1,16,6.0,0,0,0,0,0,1
ITA,AUT,0.04605747991487312,0.10356334400192914,1,476.95044,2,16,2.0,0,1,0,0,0,0
ITA,BEL,0.019919820157771894,0.029208642548451205,0,730.2074,3,16,2.0,0,1,0,0,0,0
ITA,BRA,0.004445351431240836,0.005059491295453158,0,5893.422,4,16,5.0,0,0,0,0,1,0
ITA,CAN,0.007014388122773355,0.016514905667145932,0,4405.9653,5,16,5.0,0,0,0,0,1,0
ITA,CHN,0.0010655997199843427,0.0011217629121509328,0,5055.746,6,16,5.0,0,0,0,0,1,0
ITA,COL,0.006751725261366674,0.009730328043433005,0,5886.5405,7,16,5.0,0,0,0,0,1,0
ITA,DNK,0.024335586387354485,0.05197843596927424,0,953.4405,8,16,3.0,0,0,1,0,0,0
ITA,FIN,0.01467351135108746,0.02405620082614825,0,1369.2715,9,16,3.0,0,0,1,0,0,0
ITA,FRA,0.04235915603604617,0.06914892697526423,1,689.808,10,16,2.0,0,1,0,0,0,0
ITA,DEU,0.03022791861921841,0.04698949343937969,0,712.25806,11,16,2.0,0,1,0,0,0,0
ITA,GRC,0.05249994677240019,0.08520836076056622,0,652.8344,12,16,2.0,0,1,0,0,0,0
ITA,IND,0.0031875218523196597,0.0038095189611509067,0,3680.685,13,16,5.0,0,0,0,0,1,0
ITA,IDN,0.0030465862864188123,0.0037861885016440278,0,6727.0215,14,16,6.0,0,0,0,0,0,1
ITA,IRL,0.015091061727349663,0.0252891390923574,0,1173.234,15,16,3.0,0,0,1,0,0,0
ITA,ITA,0.725196728338163,1.0,0,128.31987,16,16,1.0,1,0,0,0,0,0
ITA,JPN,0.0023764774915851286,0.0027176924682940228,0,6133.795,17,16,6.0,0,0,0,0,0,1
ITA,KOR,0.0038434589705546667,0.004836460224058122,0,5582.7593,18,16,5.0,0,0,0,0,1,0
ITA,MEX,0.011556464442145132,0.046215150180156754,0,6373.441,19,16,6.0,0,0,0,0,0,1
ITA,NOR,0.01684818143556845,0.03712021159289173,0,1249.6444,20,16,3.0,0,0,1,0,0,0
ITA,POL,0.037379364301205815,0.0692988413896013,0,820.0614,21,16,3.0,0,0,1,0,0,0
ITA,PRT,0.0381028799620581,0.07586204946536641,0,1158.5088,22,16,3.0,0,0,1,0,0,0
ITA,RUS,0.012077878324695403,0.01510275722512403,0,1481.1503,23,16,3.0,0,0,1,0,0,0
ITA,ESP,0.039555313521157126,0.06469590245594353,0,849.4472,24,16,3.0,0,0,1,0,0,0
ITA,SWE,0.021560215997044947,0.04211369314412308,0,1230.6539,25,16,3.0,0,0,1,0,0,0
ITA,CHE,0.06494103191828915,0.17682741325981344,1,430.4905,26,16,2.0,0,1,0,0,0,0
ITA,THA,0.004569817972486466,0.006917483444994921,0,5493.203,27,16,5.0,0,0,0,0,1,0
ITA,TUR,0.022172043632584366,0.0310645906836157,0,853.4927,28,16,3.0,0,0,1,0,0,0
ITA,GBR,0.02595607976796048,0.0507959735796237,0,893.9871,29,16,3.0,0,0,1,0,0,0
ITA,USA,0.006697858071673923,0.009118159481762703,0,4285.337,30,16,5.0,0,0,0,0,1,0
JPN,AUS,0.04007030354782891,0.06774120051043603,0,4867.276,1,17,5.0,0,0,0,0,1,0
JPN,AUT,0.00916254633977189,0.02060260223254178,0,5681.2075,2,17,5.0,0,0,0,0,1,0
JPN,BEL,0.010045377092391172,0.014729642458221523,0,5881.456,3,17,5.0,0,0,0,0,1,0
JPN,BRA,0.004522405773025337,0.005147190947002806,0,11528.659,4,17,6.0,0,0,0,0,0,1
JPN,CAN,0.019116378176904224,0.045008228339129396,0,6437.845,5,17,6.0,0,0,0,0,0,1
JPN,CHN,0.009494896405943526,0.009995331683325831,0,1303.9844,6,17,3.0,0,0,1,0,0,0
JPN,COL,0.011860730256277235,0.017093230509336196,0,8864.425,7,17,6.0,0,0,0,0,0,1
JPN,DNK,0.0036465567785799115,0.007788689165190235,0,5408.6616,8,17,5.0,0,0,0,0,1,0
JPN,FIN,0.006010535030251865,0.009853853948163693,0,4866.408,9,17,5.0,0,0,0,0,1,0
JPN,FRA,0.009644970249995647,0.015744868545728406,0,6044.518,10,17,6.0,0,0,0,0,0,1
JPN,DEU,0.011799751793114687,0.018342789870962276,0,5778.9565,11,17,5.0,0,0,0,0,1,0
JPN,GRC,0.003007694123669886,0.00488154182437816,0,5915.467,12,17,5.0,0,0,0,0,1,0
JPN,IND,0.007858700248135392,0.009392207800390885,0,3634.3757,13,17,5.0,0,0,0,0,1,0
JPN,IDN,0.030571657750311548,0.03799336311806467,0,3599.5198,14,17,5.0,0,0,0,0,1,0
JPN,IRL,0.006809385885539098,0.011410960335603666,0,5965.821,15,17,5.0,0,0,0,0,1,0
JPN,ITA,0.004664456856110966,0.006431988278270204,0,6133.795,16,17,6.0,0,0,0,0,0,1
JPN,JPN,0.874446803422506,1.0,0,143.68431,17,17,1.0,1,0,0,0,0,0
JPN,KOR,0.04187250685983057,0.05269074431668659,0,718.8748,18,17,2.0,0,1,0,0,0,0
JPN,MEX,0.026981122402051614,0.10789949037463126,0,7030.6987,19,17,6.0,0,0,0,0,0,1
JPN,NOR,0.014167120577591561,0.031213250849257967,0,5231.2837,20,17,5.0,0,0,0,0,1,0
JPN,POL,0.00890489878384183,0.01650908676346862,0,5339.1562,21,17,5.0,0,0,0,0,1,0
JPN,PRT,0.004065708107923314,0.008094741129860776,0,6933.742,22,17,6.0,0,0,0,0,0,1
JPN,RUS,0.009959037992861613,0.012453257845331762,0,4652.768,23,17,5.0,0,0,0,0,1,0
JPN,ESP,0.007153141919095294,0.011699539977196267,0,6698.213,24,17,6.0,0,0,0,0,0,1
JPN,SWE,0.0085640159678375,0.016728141341455546,0,5084.3076,25,17,5.0,0,0,0,0,1,0
JPN,CHE,0.017220364090344147,0.046889190817280074,0,6016.5283,26,17,6.0,0,0,0,0,0,1
JPN,THA,0.08017730091714217,0.12136701179301726,0,2866.996,27,17,4.0,0,0,0,1,0,0
JPN,TUR,0.008550685274400836,0.011980110742850868,0,5567.958,28,17,5.0,0,0,0,0,1,0
JPN,GBR,0.016171475477955635,0.03164753107808439,0,5950.4272,29,17,5.0,0,0,0,0,1,0
JPN,USA,0.020971257276783957,0.02854931626447608,0,6746.7915,30,17,6.0,0,0,0,0,0,1
KOR,AUS,0.03875606051287282,0.06551939550603575,0,5176.9126,1,18,5.0,0,0,0,0,1,0
KOR,AUT,0.004878228467659294,0.010969025093208792,0,5151.6655,2,18,5.0,0,0,0,0,1,0
KOR,BEL,0.004084886104398099,0.005989711610320337,0,5420.8296,3,18,5.0,0,0,0,0,1,0
KOR,BRA,0.006412743723003372,0.007298685277949097,0,11413.615,4,18,6.0,0,0,0,0,0,1
KOR,CAN,0.00931788921262138,0.02193834425325697,0,6598.946,5,18,6.0,0,0,0,0,0,1
KOR,CHN,0.009373700159832014,0.009867747702746513,0,593.94104,6,18,2.0,0,1,0,0,0,0
KOR,COL,0.007685576254374174,0.011076158354041545,0,9209.012,7,18,6.0,0,0,0,0,0,1
KOR,DNK,0.010850182921286339,0.023174931117421266,0,4944.0747,8,18,5.0,0,0,0,0,1,0
KOR,FIN,0.004468636255503029,0.00732601819764301,0,4394.379,9,18,5.0,0,0,0,0,1,0
KOR,FRA,0.0032820643083029807,0.005357784394708816,0,5582.018,10,18,5.0,0,0,0,0,1,0
KOR,DEU,0.005185441482433467,0.008060802054832148,0,5309.9966,11,18,5.0,0,0,0,0,1,0
KOR,GRC,0.023665920240247783,0.03841021550562664,0,5300.3687,12,18,5.0,0,0,0,0,1,0
KOR,IND,0.012140065072161062,0.01450901679257428,0,2916.5146,13,18,4.0,0,0,0,1,0,0
KOR,IDN,0.016424692279083032,0.02041202027571814,0,3288.803,14,18,5.0,0,0,0,0,1,0
KOR,IRL,0.005687892590148509,0.00953159621592222,0,5573.8696,15,18,5.0,0,0,0,0,1,0
KOR,ITA,0.003771629252459693,0.005200836000877493,0,5582.7593,16,18,5.0,0,0,0,0,1,0
KOR,JPN,0.0082665071188417,0.009453413388312857,0,718.8748,17,18,2.0,0,1,0,0,0,0
KOR,KOR,0.7946842923334829,1.0,0,73.73173,18,18,1.0,1,0,0,0,0,0
KOR,MEX,0.027233302749108044,0.10890797810632835,0,7499.0728,19,18,6.0,0,0,0,0,0,1
KOR,NOR,0.046709021664012945,0.10291014339415708,0,4804.703,20,18,5.0,0,0,0,0,1,0
KOR,POL,0.0095322656537527,0.017672182980427064,0,4819.122,21,18,5.0,0,0,0,0,1,0
KOR,PRT,0.004259735602023785,0.008481045875584672,0,6484.4536,22,18,6.0,0,0,0,0,0,1
KOR,RUS,0.009730649035485444,0.012167669360051299,0,4110.668,23,18,5.0,0,0,0,0,1,0
KOR,ESP,0.006583433880839995,0.010767736576077542,0,6222.8975,24,18,6.0,0,0,0,0,0,1
KOR,SWE,0.0047482732148601305,0.009274829211473854,0,4627.2104,25,18,5.0,0,0,0,0,1,0
KOR,CHE,0.0023795179617559508,0.0064791703111830275,0,5517.816,26,18,5.0,0,0,0,0,1,0
KOR,THA,0.02037298377508298,0.030839254175501856,0,2314.869,27,18,4.0,0,0,0,1,0,0
KOR,TUR,0.013554719069354276,0.018991113615800283,0,4951.9585,28,18,5.0,0,0,0,0,1,0
KOR,GBR,0.01019861647526422,0.019958663159361307,0,5516.091,29,18,5.0,0,0,0,0,1,0
KOR,USA,0.010421463225042211,0.01418730625558202,0,6877.379,30,18,6.0,0,0,0,0,0,1
MEX,AUS,0.004796718144828331,0.008109133619439934,0,8070.339,1,19,6.0,0,0,0,0,0,1
MEX,AUT,0.002118226941050222,0.004762975867884989,0,6316.663,2,19,6.0,0,0,0,0,0,1
MEX,BEL,0.002994416932859687,0.004390745154333324,0,5754.725,3,19,5.0,0,0,0,0,1,0
MEX,BRA,0.005065185487630145,0.00576495745745056,0,4623.7637,4,19,5.0,0,0,0,0,1,0
MEX,CAN,0.04245117064977461,0.09994842978032263,0,2030.6339,5,19,4.0,0,0,0,1,0,0
MEX,CHN,0.0006407570507526055,0.0006745286074625161,0,7748.395,6,19,6.0,0,0,0,0,0,1
MEX,COL,0.02962201951434654,0.04269012082479529,0,1919.8004,7,19,4.0,0,0,0,1,0,0
MEX,DNK,0.0008889942031749633,0.0018988048009723395,0,5918.473,8,19,5.0,0,0,0,0,1,0
MEX,FIN,0.0019298101016871198,0.0031637893788165733,0,6128.366,9,19,6.0,0,0,0,0,0,1
MEX,FRA,0.0024092260218016685,0.0039329252477717696,0,5722.0723,10,19,5.0,0,0,0,0,1,0
MEX,DEU,0.004475056799045093,0.006956504506595037,0,5842.0024,11,19,5.0,0,0,0,0,1,0
MEX,GRC,0.0003714725431159782,0.0006029066391951348,0,7019.6255,12,19,6.0,0,0,0,0,0,1
MEX,IND,0.0009065970798299494,0.0010835059101548966,0,9119.736,13,19,6.0,0,0,0,0,0,1
MEX,IDN,0.00046807551324248674,0.0005817075111379938,0,10480.708,14,19,6.0,0,0,0,0,0,1
MEX,IRL,0.0017800939213085474,0.0029830268795367123,0,5273.1646,15,19,5.0,0,0,0,0,1,0
MEX,ITA,0.0007953008195761249,0.0010966690671627961,0,6373.441,16,19,6.0,0,0,0,0,0,1
MEX,JPN,0.0014333774599831072,0.0016391819998346348,0,7030.6987,17,19,6.0,0,0,0,0,0,1
MEX,KOR,0.0013837108278074584,0.0017412082271619825,0,7499.0728,18,19,6.0,0,0,0,0,0,1
MEX,MEX,0.2500579225015067,1.0,0,327.8711,19,19,1.0,1,0,0,0,0,0
MEX,NOR,0.001915239378937451,0.004219689304099546,0,5722.408,20,19,5.0,0,0,0,0,1,0
MEX,POL,0.0017580754727537949,0.0032593543420261794,0,6333.769,21,19,6.0,0,0,0,0,0,1
MEX,PRT,0.0007425116186923348,0.0014783253444867596,0,5396.847,22,19,5.0,0,0,0,0,1,0
MEX,RUS,0.001204765125258993,0.0015064959847193684,0,6672.6523,23,19,6.0,0,0,0,0,0,1
MEX,ESP,0.002447101991411279,0.0040024324836007005,0,5639.4976,24,19,5.0,0,0,0,0,1,0
MEX,SWE,0.0005204707863528249,0.0010166385619674464,0,5965.019,25,19,5.0,0,0,0,0,1,0
MEX,CHE,0.004539163285463151,0.012359651185436702,0,5991.588,26,19,5.0,0,0,0,0,1,0
MEX,THA,0.0015898825768866246,0.0024066574360980552,0,9795.555,27,19,6.0,0,0,0,0,0,1
MEX,TUR,0.001638981125580543,0.0022963276930191012,0,7108.318,28,19,6.0,0,0,0,0,0,1
MEX,GBR,0.0026338758610167474,0.005154487497505791,0,5555.2544,29,19,5.0,0,0,0,0,1,0
MEX,USA,0.04457271823419134,0.06067927224582958,1,2093.88,30,19,4.0,0,0,0,1,0,0
NOR,AUS,0.0007523098271326463,0.0012718239277856756,0,9921.399,1,20,6.0,0,0,0,0,0,1
NOR,AUT,0.0015933927090736259,0.0035828507674530745,0,840.0864,2,20,3.0,0,0,1,0,0,0
NOR,BEL,0.001110909925662057,0.0016289389495080147,0,676.0551,3,20,2.0,0,1,0,0,0,0
NOR,BRA,0.0006901009878444372,0.0007854407002435694,0,6613.4297,4,20,6.0,0,0,0,0,0,1
NOR,CAN,0.00100815258368638,0.0023736275390314585,0,3692.7231,5,20,5.0,0,0,0,0,1,0
NOR,CHN,0.000154105856743393,0.00016222811567792364,0,4369.799,6,20,5.0,0,0,0,0,1,0
NOR,COL,0.0003516469710496132,0.0005067801563803149,0,5803.287,7,20,5.0,0,0,0,0,1,0
NOR,DNK,0.019612720305906613,0.041890855242903986,0,301.62512,8,20,1.0,1,0,0,0,0,0
NOR,FIN,0.008193660041054004,0.01343293549394184,1,491.75647,9,20,2.0,0,1,0,0,0,0
NOR,FRA,0.0016639904344451137,0.0027163702917279236,0,834.6114,10,20,3.0,0,0,1,0,0,0
NOR,DEU,0.002043334852432984,0.0031763771383786464,0,602.4124,11,20,2.0,0,1,0,0,0,0
NOR,GRC,0.0013845110917016308,0.0022470864797283397,0,1619.8914,12,20,4.0,0,0,0,1,0,0
NOR,IND,0.0005014807499513157,0.0005993372011556424,0,3723.853,13,20,5.0,0,0,0,0,1,0
NOR,IDN,0.00024559209271762854,0.0003052130713275167,0,6800.458,14,20,6.0,0,0,0,0,0,1
NOR,IRL,0.00269021870031228,0.004508186112429772,0,787.45483,15,20,3.0,0,0,1,0,0,0
NOR,ITA,0.0007838366766202058,0.0010808607457681453,0,1249.6444,16,20,3.0,0,0,1,0,0,0
NOR,JPN,0.0005209337547274465,0.0005957294974246102,0,5231.2837,17,20,5.0,0,0,0,0,1,0
NOR,KOR,0.0008462506737089488,0.0010648891413520306,0,4804.703,18,20,5.0,0,0,0,0,1,0
NOR,MEX,0.00015111189573651046,0.000604307570921293,0,5722.408,19,20,5.0,0,0,0,0,1,0
NOR,NOR,0.4538816109225725,1.0,0,133.00992,20,20,1.0,1,0,0,0,0,0
NOR,POL,0.0064933359232906135,0.012038210511327519,0,660.07056,21,20,2.0,0,1,0,0,0,0
NOR,PRT,0.004792973272568104,0.00954271109826368,0,1702.7643,22,20,4.0,0,0,0,1,0,0
NOR,RUS,0.0003813790449064825,0.00047689461436245604,1,1025.3568,23,20,3.0,0,0,1,0,0,0
NOR,ESP,0.0019026159078611832,0.0031118816216758106,0,1485.8809,24,20,3.0,0,0,1,0,0,0
NOR,SWE,0.028508676522529797,0.05568616080559867,1,259.51883,25,20,1.0,1,0,0,0,0,0
NOR,CHE,0.0014050283709571873,0.0038257404456648225,0,907.0098,26,20,3.0,0,0,1,0,0,0
NOR,THA,0.0009711885965881106,0.001470120052771096,0,5396.955,27,20,5.0,0,0,0,0,1,0
NOR,TUR,0.0008873326347772081,0.0012432153551718095,0,1520.9633,28,20,4.0,0,0,0,1,0,0
NOR,GBR,0.0030281938387653304,0.005926166647776084,0,719.1451,29,20,2.0,0,1,0,0,0,0
NOR,USA,0.0005328361415648441,0.0007253788994100183,0,3677.2546,30,20,5.0,0,0,0,0,1,0
POL,AUS,0.0021684014722876564,0.003665809986840532,0,9700.239,1,21,6.0,0,0,0,0,0,1
POL,AUT,0.017609370953459005,0.039595855984333614,0,346.0687,2,21,1.0,1,0,0,0,0,0
POL,BEL,0.006443457656981683,0.009448109972289544,0,721.3451,3,21,2.0,0,1,0,0,0,0
POL,BRA,0.0006213190327253739,0.0007071562926794159,0,6630.677,4,21,6.0,0,0,0,0,0,1
POL,CAN,0.0026250739614826365,0.006180560311798932,0,4304.4663,5,21,5.0,0,0,0,0,1,0
POL,CHN,0.00018901686784831957,0.0001989791364869113,0,4318.1475,6,21,5.0,0,0,0,0,1,0
POL,COL,0.0009144694732174508,0.001317898406060147,0,6228.019,7,21,6.0,0,0,0,0,0,1
POL,DNK,0.028438755879021647,0.06074240529793303,0,415.72897,8,21,2.0,0,1,0,0,0,0
POL,FIN,0.01553611911339323,0.025470386229199993,0,566.3693,9,21,2.0,0,1,0,0,0,0
POL,FRA,0.010031318843345672,0.01637556077778853,0,850.32825,10,21,3.0,0,0,1,0,0,0
POL,DEU,0.027450663647397393,0.0426722327664964,1,600.3239,11,21,2.0,0,1,0,0,0,0
POL,GRC,0.009397128386490948,0.015251708904406405,0,994.5126,12,21,3.0,0,0,1,0,0,0
POL,IND,0.0005263303435499654,0.0006290358204520276,0,3275.2227,13,21,5.0,0,0,0,0,1,0
POL,IDN,0.00030716707533871054,0.00038173625802606756,0,6381.631,14,21,6.0,0,0,0,0,0,1
POL,IRL,0.003976032054560454,0.006662912754589194,0,1135.3761,15,21,3.0,0,0,1,0,0,0
POL,ITA,0.009639963998590819,0.013292895047501724,0,820.0614,16,21,3.0,0,0,1,0,0,0
POL,JPN,0.00026459143819529255,0.00030258151457550705,0,5339.1562,17,21,5.0,0,0,0,0,1,0
POL,KOR,0.0005041953860743937,0.0006344599873666714,0,4819.122,18,21,5.0,0,0,0,0,1,0
POL,MEX,0.0015919401479517464,0.00636628558706095,0,6333.769,19,21,6.0,0,0,0,0,0,1
POL,NOR,0.023374744072567923,0.0514996499308614,0,660.07056,20,21,2.0,0,1,0,0,0,0
POL,POL,0.5393937842489646,1.0,0,130.71677,21,21,1.0,1,0,0,0,0,0
POL,PRT,0.007905228649881838,0.015739147473092345,0,1715.6256,22,21,4.0,0,0,0,1,0,0
POL,RUS,0.007928292522251553,0.009913916497113843,1,718.724,23,21,2.0,0,1,0,0,0,0
POL,ESP,0.009529745318728558,0.015586666333479528,0,1425.1118,24,21,3.0,0,0,1,0,0,0
POL,SWE,0.026840001790610725,0.052426728913681477,0,502.8081,25,21,2.0,0,1,0,0,0,0
POL,CHE,0.007535821177140828,0.020519226845963558,0,708.50977,26,21,2.0,0,1,0,0,0,0
POL,THA,0.0010712730327624173,0.0016216211485490348,0,5034.2007,27,21,5.0,0,0,0,0,1,0
POL,TUR,0.006947425337649361,0.009733830944743735,0,861.6495,28,21,3.0,0,0,1,0,0,0
POL,GBR,0.01358043289321043,0.026576868179257165,0,902.20245,29,21,3.0,0,0,1,0,0,0
POL,USA,0.0010025408346031126,0.0013648135148683546,0,4260.673,30,21,5.0,0,0,0,0,1,0
PRT,AUS,0.0005177172801268066,0.0008752314551080507,0,11305.543,1,22,6.0,0,0,0,0,0,1
PRT,AUT,0.002637221065941234,0.005929969094401302,0,1429.003,2,22,3.0,0,0,1,0,0,0
PRT,BEL,0.0017849203190473365,0.0026172475034208663,0,1063.6395,3,22,3.0,0,0,1,0,0,0
PRT,BRA,0.000768041246033835,0.0008741486604519163,0,4944.464,4,22,5.0,0,0,0,0,1,0
PRT,CAN,0.0006009053526948373,0.001414791289124528,0,3561.7188,5,22,5.0,0,0,0,0,1,0
PRT,CHN,8.991898358982716e-5,9.465822766062527e-5,0,6013.4434,6,22,6.0,0,0,0,0,0,1
PRT,COL,0.0006386721734392001,0.0009204298929838015,0,4733.602,7,22,5.0,0,0,0,0,1,0
PRT,DNK,0.003188817593799245,0.006811002968193027,0,1540.3793,8,22,4.0,0,0,0,1,0,0
PRT,FIN,0.0013619930935637563,0.0022328929046808187,0,2090.1045,9,22,4.0,0,0,0,1,0,0
PRT,FRA,0.006062174236197074,0.009896156647063533,0,902.9583,10,22,3.0,0,0,1,0,0,0
PRT,DEU,0.0035811712038672423,0.005566953613618216,0,1175.9058,11,22,3.0,0,0,1,0,0,0
PRT,GRC,0.0016459163426387937,0.0026713519179986456,0,1773.6316,12,22,4.0,0,0,0,1,0,0
PRT,IND,0.00014045162712930133,0.0001678586568070727,0,4836.832,13,22,5.0,0,0,0,0,1,0
PRT,IDN,0.00010292736648969848,0.00012791445075592553,0,7880.053,14,22,6.0,0,0,0,0,0,1
PRT,IRL,0.002174877877312766,0.003644593743101265,0,1019.15515,15,22,3.0,0,0,1,0,0,0
PRT,ITA,0.0016711032113855622,0.0023043446641230823,0,1158.5088,16,22,3.0,0,0,1,0,0,0
PRT,JPN,8.547070585559456e-5,9.774260197540881e-5,0,6933.742,17,22,6.0,0,0,0,0,0,1
PRT,KOR,0.00019719617177278747,0.0002481440411937017,0,6484.4536,18,22,6.0,0,0,0,0,0,1
PRT,MEX,0.0007379044741322664,0.0029509341945677414,0,5396.847,19,22,5.0,0,0,0,0,1,0
PRT,NOR,0.0019966466559836883,0.004399047257995864,0,1702.7643,20,22,4.0,0,0,0,1,0,0
PRT,POL,0.002038440329372937,0.003779132034699286,0,1715.6256,21,22,4.0,0,0,0,1,0,0
PRT,PRT,0.5022653649695208,1.0,0,71.0539,22,22,1.0,1,0,0,0,0,0
PRT,RUS,0.0004293479982966293,0.0005368772899548555,0,2432.157,23,22,4.0,0,0,0,1,0,0
PRT,ESP,0.0198797064498522,0.032514861717491086,1,311.32523,24,22,1.0,1,0,0,0,0,0
PRT,SWE,0.002398823653685687,0.00468563595429793,0,1858.8975,25,22,4.0,0,0,0,1,0,0
PRT,CHE,0.0026814471480594007,0.007301290863083951,0,1011.17126,26,22,3.0,0,0,1,0,0,0
PRT,THA,0.0001505115147985755,0.0002278342196929459,0,6646.7275,27,22,6.0,0,0,0,0,0,1
PRT,TUR,0.001356067485132094,0.0018999458084720748,0,2011.6692,28,22,4.0,0,0,0,1,0,0
PRT,GBR,0.004369447729660631,0.008550996661189105,0,983.89746,29,22,3.0,0,0,1,0,0,0
PRT,USA,0.0004203573311735294,0.000572255360438008,0,3371.7773,30,22,5.0,0,0,0,0,1,0
RUS,AUS,0.00034768787563230994,0.0005877867650825917,0,9013.716,1,23,6.0,0,0,0,0,0,1
RUS,AUT,0.0018892729195624778,0.004248157338261022,0,1041.454,2,23,3.0,0,0,1,0,0,0
RUS,BEL,0.007106015599199855,0.010419625676176932,0,1405.3757,3,23,3.0,0,0,1,0,0,0
RUS,BRA,0.0028698984136286652,0.0032663842819140197,0,7346.272,4,23,6.0,0,0,0,0,0,1
RUS,CAN,0.0009513079308574172,0.002239790622293979,0,4658.4966,5,23,5.0,0,0,0,0,1,0
RUS,CHN,0.0009147223286502315,0.0009629334204510144,1,3601.644,6,23,5.0,0,0,0,0,1,0
RUS,COL,0.0026492098580548737,0.0038179398563905178,0,6823.5576,7,23,6.0,0,0,0,0,0,1
RUS,DNK,0.005008054955876783,0.010696716311299297,0,973.50006,8,23,3.0,0,0,1,0,0,0
RUS,FIN,0.03192534960171116,0.05233938919513213,1,554.80286,9,23,2.0,0,1,0,0,0,0
RUS,FRA,0.001173555009863077,0.0019157621934068167,0,1550.2278,10,23,4.0,0,0,0,1,0,0
RUS,DEU,0.0023945109660341315,0.0037222826601579907,0,1283.5195,11,23,3.0,0,0,1,0,0,0
RUS,GRC,0.01243240304159035,0.020178014428873684,0,1388.1807,12,23,3.0,0,0,1,0,0,0
RUS,IND,0.003756528271109942,0.004489558453216097,0,2698.4968,13,23,4.0,0,0,0,1,0,0
RUS,IDN,0.0024231059498706145,0.0030113494328268507,0,5781.6694,14,23,5.0,0,0,0,0,1,0
RUS,IRL,0.001566286352715794,0.0026247347037554867,0,1741.65,15,23,4.0,0,0,0,1,0,0
RUS,ITA,0.002807770093501645,0.0038717357425699355,0,1481.1503,16,23,3.0,0,0,1,0,0,0
RUS,JPN,0.0009931774965921487,0.0011357780630050238,0,4652.768,17,23,5.0,0,0,0,0,1,0
RUS,KOR,0.002553105364539967,0.003212729116669865,0,4110.668,18,23,5.0,0,0,0,0,1,0
RUS,MEX,0.003683641002139376,0.014731150948105554,0,6672.6523,19,23,6.0,0,0,0,0,0,1
RUS,NOR,0.002569848712825032,0.00566193617670803,1,1025.3568,20,23,3.0,0,0,1,0,0,0
RUS,POL,0.006886570113728001,0.01276724039991794,1,718.724,21,23,2.0,0,1,0,0,0,0
RUS,PRT,0.0013375817119571111,0.0026630976476713264,0,2432.157,22,23,4.0,0,0,0,1,0,0
RUS,RUS,0.7997134658698861,1.0,0,965.96906,23,23,3.0,0,0,1,0,0,0
RUS,ESP,0.0012786099185470683,0.0020912695465118178,0,2143.7537,24,23,4.0,0,0,0,1,0,0
RUS,SWE,0.003605971388134747,0.007043564523992171,0,765.9312,25,23,3.0,0,0,1,0,0,0
RUS,CHE,0.009452796805726485,0.02573894436002176,0,1427.2202,26,23,3.0,0,0,1,0,0,0
RUS,THA,0.0007066918440660202,0.0010697426377750772,0,4392.7466,27,23,5.0,0,0,0,0,1,0
RUS,TUR,0.013246630495223543,0.01855945988066128,0,1092.4237,28,23,3.0,0,0,1,0,0,0
RUS,GBR,0.0035300470416479933,0.006908291924873748,0,1560.5223,29,23,4.0,0,0,0,1,0,0
RUS,USA,0.0012708194551586916,0.001730035832450506,0,4672.45,30,23,5.0,0,0,0,0,1,0
ESP,AUS,0.004645876041618682,0.007854126188644107,0,11000.282,1,24,6.0,0,0,0,0,0,1
ESP,AUT,0.01283159409718948,0.028852703101352878,0,1126.1647,2,24,3.0,0,0,1,0,0,0
ESP,BEL,0.010814008001843223,0.01585669407355032,0,818.2972,3,24,3.0,0,0,1,0,0,0
ESP,BRA,0.0026683336742406288,0.003036972713407412,0,5214.2827,4,24,5.0,0,0,0,0,1,0
ESP,CAN,0.002785794646043989,0.0065589663677273575,0,3754.194,5,24,5.0,0,0,0,0,1,0
ESP,CHN,0.0003926163358819218,0.0004133094594876627,0,5737.911,6,24,5.0,0,0,0,0,1,0
ESP,COL,0.008573685281361508,0.012356067093866607,0,5038.534,7,24,5.0,0,0,0,0,1,0
ESP,DNK,0.011868693049453963,0.02535036928596804,0,1289.6063,8,24,3.0,0,0,1,0,0,0
ESP,FIN,0.00941894998641196,0.015441713099419807,0,1834.8009,9,24,4.0,0,0,0,1,0,0
ESP,FRA,0.0336511725489335,0.054933636336806896,1,655.4732,10,24,2.0,0,1,0,0,0,0
ESP,DEU,0.01735919628950955,0.026984982010643793,0,919.4106,11,24,3.0,0,0,1,0,0,0
ESP,GRC,0.021165180641659127,0.034351470021397004,0,1474.769,12,24,3.0,0,0,1,0,0,0
ESP,IND,0.001366607557115011,0.0016332805365689021,0,4525.8213,13,24,5.0,0,0,0,0,1,0
ESP,IDN,0.0010990534941318988,0.0013658643842532699,0,7575.0845,14,24,6.0,0,0,0,0,0,1
ESP,IRL,0.009445736529100343,0.015828876008191353,0,901.32745,15,24,3.0,0,0,1,0,0,0
ESP,ITA,0.01867197431542361,0.025747460772763953,0,849.4472,16,24,3.0,0,0,1,0,0,0
ESP,JPN,0.0007968955420349236,0.0009113139174572384,0,6698.213,17,24,6.0,0,0,0,0,0,1
ESP,KOR,0.0011592931646907704,0.001458809713334918,0,6222.8975,18,24,6.0,0,0,0,0,0,1
ESP,MEX,0.011980793247277704,0.047912072240804585,0,5639.4976,19,24,5.0,0,0,0,0,1,0
ESP,NOR,0.012939021409134378,0.028507481020952047,0,1485.8809,20,24,3.0,0,0,1,0,0,0
ESP,POL,0.01560184015745024,0.028924768162046522,0,1425.1118,21,24,3.0,0,0,1,0,0,0
ESP,PRT,0.17922988936081133,0.356843019370224,1,311.32523,22,24,1.0,1,0,0,0,0,0
ESP,RUS,0.0033593916185574797,0.004200744093890317,0,2143.7537,23,24,4.0,0,0,0,1,0,0
ESP,ESP,0.6114036904901885,1.0,0,166.27744,24,24,1.0,1,0,0,0,0,0
ESP,SWE,0.009928853686204055,0.019394086658083735,0,1613.9888,25,24,4.0,0,0,0,1,0,0
ESP,CHE,0.01581975820355861,0.04307549231818055,0,716.66675,26,24,2.0,0,1,0,0,0,0
ESP,THA,0.0018266012672521472,0.0027649862867400884,0,6335.42,27,24,6.0,0,0,0,0,0,1
ESP,TUR,0.012569439660407689,0.017610667949396325,0,1702.9392,28,24,4.0,0,0,0,1,0,0
ESP,GBR,0.021605994332156757,0.042282868871918664,0,785.19507,29,24,3.0,0,0,1,0,0,0
ESP,USA,0.0018833154073289152,0.0025638599765363842,0,3586.2427,30,24,5.0,0,0,0,0,1,0
SWE,AUS,0.004707507705855213,0.007958318135177663,0,9700.999,1,25,6.0,0,0,0,0,0,1
SWE,AUT,0.007236606118149455,0.01627199599729645,0,772.101,2,25,3.0,0,0,1,0,0,0
SWE,BEL,0.009477761833508923,0.013897342213017267,0,797.83496,3,25,3.0,0,0,1,0,0,0
SWE,BRA,0.0013324571006261394,0.0015165404145113734,0,6796.8613,4,25,6.0,0,0,0,0,0,1
SWE,CAN,0.002613008144064536,0.006152152155168707,0,3937.4502,5,25,5.0,0,0,0,0,1,0
SWE,CHN,0.0004985253510209833,0.0005248004846984956,0,4172.6455,6,25,5.0,0,0,0,0,1,0
SWE,COL,0.0014436210717709633,0.0020804914381099184,0,6060.852,7,25,6.0,0,0,0,0,0,1
SWE,DNK,0.0791245148519082,0.16900223661620578,0,325.53583,8,25,1.0,1,0,0,0,0,0
SWE,FIN,0.05249492603241923,0.08606177845060146,1,247.29161,9,25,1.0,1,0,0,0,0,0
SWE,FRA,0.005813000764605855,0.009489395044528956,0,960.719,10,25,3.0,0,0,1,0,0,0
SWE,DEU,0.007718407811962912,0.01199831446588915,0,695.41907,11,25,2.0,0,1,0,0,0,0
SWE,GRC,0.004684302807520143,0.007602707965882032,0,1496.8164,12,25,3.0,0,0,1,0,0,0
SWE,IND,0.0011179240940195631,0.001336070223391801,0,3464.4014,13,25,5.0,0,0,0,0,1,0
SWE,IDN,0.0012551037151810299,0.0015597980191708425,0,6543.3643,14,25,6.0,0,0,0,0,0,1
SWE,IRL,0.003586463599489872,0.006010085867769154,0,1013.7647,15,25,3.0,0,0,1,0,0,0
SWE,ITA,0.00408943482747412,0.005639069603699584,0,1230.6539,16,25,3.0,0,0,1,0,0,0
SWE,JPN,0.0009065959808574278,0.0010367651609098378,0,5084.3076,17,25,5.0,0,0,0,0,1,0
SWE,KOR,0.0013519363248173288,0.0017012244206407437,0,4627.2104,18,25,5.0,0,0,0,0,1,0
SWE,MEX,0.0017159117805326779,0.006862057252044629,0,5965.019,19,25,5.0,0,0,0,0,1,0
SWE,NOR,0.08154732001217617,0.17966649903797777,1,259.51883,20,25,1.0,1,0,0,0,0,0
SWE,POL,0.011855379469726294,0.0219790806196133,0,502.8081,21,25,2.0,0,1,0,0,0,0
SWE,PRT,0.0067561197377113275,0.013451295289137272,0,1858.8975,22,25,4.0,0,0,0,1,0,0
SWE,RUS,0.00281562380194485,0.0035207907858374786,0,765.9312,23,25,3.0,0,0,1,0,0,0
SWE,ESP,0.004716254333494361,0.00771381397733,0,1613.9888,24,25,4.0,0,0,0,1,0,0
SWE,SWE,0.511952630781175,1.0,0,156.80743,25,25,1.0,1,0,0,0,0,0
SWE,CHE,0.005206630466219797,0.014177092201118785,0,961.16095,26,25,3.0,0,0,1,0,0,0
SWE,THA,0.0018341596920873472,0.002776427722478345,0,5143.717,27,25,5.0,0,0,0,0,1,0
SWE,TUR,0.0031882587120472755,0.004466974426194384,0,1350.2355,28,25,3.0,0,0,1,0,0,0
SWE,GBR,0.007939769254242229,0.015538105633525994,0,893.4562,29,25,3.0,0,0,1,0,0,0
SWE,USA,0.0015705617430600428,0.002138091356360689,0,3929.679,30,25,5.0,0,0,0,0,1,0
CHE,AUS,0.005842901558059553,0.009877768096635663,0,10362.464,1,26,6.0,0,0,0,0,0,1
CHE,AUT,0.03878293441814013,0.08720603875795381,1,425.66034,2,26,2.0,0,1,0,0,0,0
CHE,BEL,0.009364474405999686,0.013731227662326415,0,302.95557,3,26,1.0,1,0,0,0,0,0
CHE,BRA,0.002371753801362812,0.002699419359428136,0,5925.725,4,26,5.0,0,0,0,0,1,0
CHE,CAN,0.004827559709809284,0.011366165061663611,0,4002.9316,5,26,5.0,0,0,0,0,1,0
CHE,CHN,0.0017378240002009478,0.001829417251817448,0,5024.403,6,26,5.0,0,0,0,0,1,0
CHE,COL,0.003947861535285766,0.005689506951384137,0,5637.467,7,26,5.0,0,0,0,0,1,0
CHE,DNK,0.006496889722759923,0.013876721977383327,0,642.32916,8,26,2.0,0,1,0,0,0,0
CHE,FIN,0.00826354735311855,0.013547510879069396,0,1155.5997,9,26,3.0,0,0,1,0,0,0
CHE,FRA,0.01390962357829609,0.022706673953808737,1,271.0241,10,26,1.0,1,0,0,0,0,0
CHE,DEU,0.024389908209830165,0.03791426880063901,1,313.1142,11,26,1.0,1,0,0,0,0,0
CHE,GRC,0.0076356970396545395,0.012392874050594515,0,1033.3445,12,26,3.0,0,0,1,0,0,0
CHE,IND,0.016668641119819635,0.019921276573009843,0,3883.7869,13,26,5.0,0,0,0,0,1,0
CHE,IDN,0.001628678803901858,0.002024063781713242,0,6974.9478,14,26,6.0,0,0,0,0,0,1
CHE,IRL,0.005525968028993144,0.00926024799513364,0,748.26465,15,26,2.0,0,1,0,0,0,0
CHE,ITA,0.012623251688610778,0.017406658352607032,1,430.4905,16,26,2.0,0,1,0,0,0,0
CHE,JPN,0.002559865915223437,0.002927411827917207,0,6016.5283,17,26,6.0,0,0,0,0,0,1
CHE,KOR,0.002419526949772103,0.003044639202150944,0,5517.816,18,26,5.0,0,0,0,0,1,0
CHE,MEX,0.003310951475363935,0.013240738154752867,0,5991.588,19,26,5.0,0,0,0,0,1,0
CHE,NOR,0.0073100315011436585,0.016105590808768576,0,907.0098,20,26,3.0,0,0,1,0,0,0
CHE,POL,0.0058301439169557556,0.01080869688751321,0,708.50977,21,26,2.0,0,1,0,0,0,0
CHE,PRT,0.004507438340655288,0.008974216927995453,0,1011.17126,22,26,3.0,0,0,1,0,0,0
CHE,RUS,0.002856381453856532,0.00357175610485627,0,1427.2202,23,26,3.0,0,0,1,0,0,0
CHE,ESP,0.008658918755139581,0.014162359321379554,0,716.66675,24,26,2.0,0,1,0,0,0,0
CHE,SWE,0.006140382151150463,0.011994043553953448,0,961.16095,25,26,3.0,0,0,1,0,0,0
CHE,CHE,0.3672565849440491,1.0,0,47.499573,26,26,1.0,1,0,0,0,0,0
CHE,THA,0.019689111366024453,0.029804054065424565,0,5676.837,27,26,5.0,0,0,0,0,1,0
CHE,TUR,0.013043460248118232,0.018274804092047358,0,1141.7988,28,26,3.0,0,0,1,0,0,0
CHE,GBR,0.017485107802752798,0.034218305765951654,0,465.3274,29,26,2.0,0,1,0,0,0,0
CHE,USA,0.005108411056476302,0.006954358574473312,0,3898.2507,30,26,5.0,0,0,0,0,1,0
THA,AUS,0.02781691561991367,0.04702612887225182,0,4685.8423,1,27,5.0,0,0,0,0,1,0
THA,AUT,0.002483214350079885,0.005583674626644159,0,5251.984,2,27,5.0,0,0,0,0,1,0
THA,BEL,0.0019140217342368962,0.0028065502711619593,0,5755.4644,3,27,5.0,0,0,0,0,1,0
THA,BRA,0.0018570365218957472,0.002113592201471351,0,10198.866,4,27,6.0,0,0,0,0,0,1
THA,CAN,0.0026143584602014817,0.006155331383810202,0,8481.742,5,27,6.0,0,0,0,0,0,1
THA,CHN,0.002332327885351021,0.002455254887642642,0,2053.3816,6,27,4.0,0,0,0,1,0,0
THA,COL,0.0026356252655336285,0.0037983622615608776,0,11144.698,7,27,6.0,0,0,0,0,0,1
THA,DNK,0.003410272640714937,0.007284009321644256,0,5362.8555,8,27,5.0,0,0,0,0,1,0
THA,FIN,0.0019429478790467078,0.0031853278506253713,0,4905.3,9,27,5.0,0,0,0,0,1,0
THA,FRA,0.0025188507714520385,0.004111881452701923,0,5876.1997,10,27,5.0,0,0,0,0,1,0
THA,DEU,0.0033339997940335865,0.005182724071151586,0,5634.4805,11,27,5.0,0,0,0,0,1,0
THA,GRC,0.0016147795068545056,0.0026208162717826214,0,4928.7666,12,27,5.0,0,0,0,0,1,0
THA,IND,0.005161128788183167,0.006168245706368208,0,1814.6091,13,27,4.0,0,0,0,1,0,0
THA,IDN,0.016790602798166777,0.02086676078517339,0,1439.6931,14,27,3.0,0,0,1,0,0,0
THA,IRL,0.002231875351557262,0.003740108364943268,0,6133.4136,15,27,6.0,0,0,0,0,0,1
THA,ITA,0.0016383442175520013,0.00225917210259122,0,5493.203,16,27,5.0,0,0,0,0,1,0
THA,JPN,0.007080876655859443,0.008097549934593539,0,2866.996,17,27,4.0,0,0,0,1,0,0
THA,KOR,0.003578611250702325,0.00450318608940189,0,2314.869,18,27,4.0,0,0,0,1,0,0
THA,MEX,0.007364363664558074,0.029450631241302504,0,9795.555,19,27,6.0,0,0,0,0,0,1
THA,NOR,0.005716970347235181,0.012595730273395977,0,5396.955,20,27,5.0,0,0,0,0,1,0
THA,POL,0.0018790436537669806,0.0034836212589718727,0,5034.2007,21,27,5.0,0,0,0,0,1,0
THA,PRT,0.001638778545336785,0.0032627743412811908,0,6646.7275,22,27,6.0,0,0,0,0,0,1
THA,RUS,0.002011141187897536,0.0025148272146573434,0,4392.7466,23,27,5.0,0,0,0,0,1,0
THA,ESP,0.0022030466293181295,0.0036032602739964697,0,6335.42,24,27,6.0,0,0,0,0,0,1
THA,SWE,0.002300072208683171,0.004492744192316291,0,5143.717,25,27,5.0,0,0,0,0,1,0
THA,CHE,0.01446536397929967,0.039387623183130785,0,5676.837,26,27,5.0,0,0,0,0,1,0
THA,THA,0.6606185629244857,1.0,0,167.45,27,27,1.0,1,0,0,0,0,0
THA,TUR,0.003822983734302612,0.005356268770899434,0,4647.38,28,27,5.0,0,0,0,0,1,0
THA,GBR,0.0035661223833205183,0.00697889126494572,0,5932.549,29,27,5.0,0,0,0,0,1,0
THA,USA,0.0044204621285369216,0.0060178161794071155,0,8665.88,30,27,6.0,0,0,0,0,0,1
TUR,AUS,0.0016426245903422975,0.002776953301712121,0,9297.8955,1,28,6.0,0,0,0,0,0,1
TUR,AUT,0.005283619205814359,0.011880573457303967,0,792.42993,2,28,3.0,0,0,1,0,0,0
TUR,BEL,0.004462429251266246,0.0065433071114919,0,1354.5007,3,28,3.0,0,0,1,0,0,0
TUR,BRA,0.0005354686505859414,0.0006094453989819647,0,6582.2007,4,28,6.0,0,0,0,0,0,1
TUR,CAN,0.001934423718001178,0.004554470705628418,0,5094.6123,5,28,5.0,0,0,0,0,1,0
TUR,CHN,9.635830873708807e-5,0.00010143694202588831,0,4390.4272,6,28,5.0,0,0,0,0,1,0
TUR,COL,0.0018670617461056293,0.002690737931963072,0,6738.5493,7,28,6.0,0,0,0,0,0,1
TUR,DNK,0.008877937779550812,0.018962408099332754,0,1254.4926,8,28,3.0,0,0,1,0,0,0
TUR,FIN,0.00329497248994406,0.005401878121616318,0,1331.9681,9,28,3.0,0,0,1,0,0,0
TUR,FRA,0.006863674272417433,0.011204560134331087,0,1401.9951,10,28,3.0,0,0,1,0,0,0
TUR,DEU,0.008633665520385948,0.013421088446031551,0,1266.8318,11,28,3.0,0,0,1,0,0,0
TUR,GRC,0.020251446712809484,0.032868463370245106,1,348.486,12,28,1.0,1,0,0,0,0,0
TUR,IND,0.0005705014132441903,0.0006818262122769535,0,2833.0103,13,28,4.0,0,0,0,1,0,0
TUR,IDN,0.000612484063619443,0.0007611732940090297,0,5874.929,14,28,5.0,0,0,0,0,1,0
TUR,IRL,0.0035449968640984338,0.00594059718248205,0,1835.3585,15,28,4.0,0,0,0,1,0,0
TUR,ITA,0.008895761733076388,0.012266687624834745,0,853.4927,16,28,3.0,0,0,1,0,0,0
TUR,JPN,0.00013219679264791834,0.00015117762696428415,0,5567.958,17,28,5.0,0,0,0,0,1,0
TUR,KOR,0.0004897201814359152,0.0006162449492966801,0,4951.9585,18,28,5.0,0,0,0,0,1,0
TUR,MEX,0.0010968639160642147,0.004386439370092765,0,7108.318,19,28,6.0,0,0,0,0,0,1
TUR,NOR,0.00612509392594151,0.013494915366787987,0,1520.9633,20,28,4.0,0,0,0,1,0,0
TUR,POL,0.009748883291018418,0.018073777591991472,0,861.6495,21,28,3.0,0,0,1,0,0,0
TUR,PRT,0.007523956240208447,0.014980041955839473,0,2011.6692,22,28,4.0,0,0,0,1,0,0
TUR,RUS,0.003998425417053566,0.004999822546071911,0,1092.4237,23,28,3.0,0,0,1,0,0,0
TUR,ESP,0.011323119879840823,0.018519874930363264,0,1702.9392,24,28,4.0,0,0,0,1,0,0
TUR,SWE,0.006620651783794335,0.012932156972593454,0,1350.2355,25,28,3.0,0,0,1,0,0,0
TUR,CHE,0.003960270970303391,0.010783389958567336,0,1141.7988,26,28,3.0,0,0,1,0,0,0
TUR,THA,0.0005119934233693733,0.0007750212484233484,0,4647.38,27,28,5.0,0,0,0,0,1,0
TUR,TUR,0.7137400862094249,1.0,0,206.53107,28,28,1.0,1,0,0,0,0,0
TUR,GBR,0.012007535202853803,0.023498711915404525,0,1554.9321,29,28,4.0,0,0,0,1,0,0
TUR,USA,0.0012904595714584393,0.0017567729939049754,0,5016.0044,30,28,5.0,0,0,0,0,1,0
GBR,AUS,0.013047726599592595,0.02205794779501343,0,10572.572,1,29,6.0,0,0,0,0,0,1
GBR,AUT,0.011888226079673552,0.0267314766100426,0,769.5457,2,29,3.0,0,0,1,0,0,0
GBR,BEL,0.019851371790182388,0.029108275984591096,0,201.23035,3,29,1.0,1,0,0,0,0,0
GBR,BRA,0.002565338603361208,0.0029197485360506277,0,5905.3516,4,29,5.0,0,0,0,0,1,0
GBR,CAN,0.00893495275942076,0.021036746096664057,0,3552.3599,5,29,5.0,0,0,0,0,1,0
GBR,CHN,0.0012535118321510457,0.001319579066021216,0,5066.099,6,29,5.0,0,0,0,0,1,0
GBR,COL,0.004402563904812335,0.006344806603894617,0,5326.6997,7,29,5.0,0,0,0,0,1,0
GBR,DNK,0.026452467129206923,0.056499886504451924,0,596.39136,8,29,2.0,0,1,0,0,0,0
GBR,FIN,0.015018738799319732,0.024622177205398384,0,1135.4431,9,29,3.0,0,0,1,0,0,0
GBR,FRA,0.02164319525077596,0.03533129240426166,0,213.14325,10,29,1.0,1,0,0,0,0,0
GBR,DEU,0.019575970473110774,0.030430971702130178,0,307.8703,11,29,1.0,1,0,0,0,0,0
GBR,GRC,0.014722115082313303,0.02389425837954948,0,1488.4088,12,29,3.0,0,0,1,0,0,0
GBR,IND,0.003737201808561324,0.004466460721202948,0,4176.903,13,29,5.0,0,0,0,0,1,0
GBR,IDN,0.002132227684119088,0.002649856324925692,0,7283.2715,14,29,6.0,0,0,0,0,0,1
GBR,IRL,0.11220408431470798,0.18802816834436112,1,286.1476,15,29,1.0,1,0,0,0,0,0
GBR,ITA,0.011910431202854272,0.016423724401167426,0,893.9871,16,29,3.0,0,0,1,0,0,0
GBR,JPN,0.002391491642132996,0.0027348623527159266,0,5950.4272,17,29,5.0,0,0,0,0,1,0
GBR,KOR,0.003519002345887485,0.004428176547386397,0,5516.091,18,29,5.0,0,0,0,0,1,0
GBR,MEX,0.004100850025111131,0.016399600476911188,0,5555.2544,19,29,5.0,0,0,0,0,1,0
GBR,NOR,0.02961304813428676,0.06524399187289048,0,719.1451,20,29,2.0,0,1,0,0,0,0
GBR,POL,0.015871742740674977,0.02942514949958926,0,902.20245,21,29,3.0,0,0,1,0,0,0
GBR,PRT,0.017009612648759442,0.03386578855540168,0,983.89746,22,29,3.0,0,0,1,0,0,0
GBR,RUS,0.005304553533498907,0.00663306766721615,0,1560.5223,23,29,4.0,0,0,0,1,0,0
GBR,ESP,0.020188773932646467,0.03302036648889094,0,785.19507,24,29,3.0,0,0,1,0,0,0
GBR,SWE,0.028741213822897665,0.05614037724357858,0,893.4562,25,29,3.0,0,0,1,0,0,0
GBR,CHE,0.061439775852099,0.16729387129017506,0,465.3274,26,29,2.0,0,1,0,0,0,0
GBR,THA,0.005422749709612417,0.008208594208443826,0,5932.549,27,29,5.0,0,0,0,0,1,0
GBR,TUR,0.017136492502974908,0.024009429810765506,0,1554.9321,28,29,4.0,0,0,0,1,0,0
GBR,GBR,0.5109869530755978,1.0,0,115.49696,29,29,1.0,1,0,0,0,0,0
GBR,USA,0.007090152894796631,0.009652211819513834,0,3461.8777,30,29,5.0,0,0,0,0,1,0
USA,AUS,0.057955088802276795,0.09797647992531551,0,9949.53,1,30,6.0,0,0,0,0,0,1
USA,AUT,0.023547918094465384,0.05294907899115975,0,4225.42,2,30,5.0,0,0,0,0,1,0
USA,BEL,0.03389672867958752,0.04970313103844056,0,3661.7227,3,30,5.0,0,0,0,0,1,0
USA,BRA,0.02216398515788502,0.02522601232172344,0,4782.043,4,30,5.0,0,0,0,0,1,0
USA,CAN,0.352775523028357,0.8305862724613352,1,340.82947,5,30,1.0,1,0,0,0,0,0
USA,CHN,0.007675760070597886,0.008080316471828887,0,6832.6196,6,30,6.0,0,0,0,0,0,1
USA,COL,0.0710347608254414,0.10237257864643011,0,2499.1743,7,30,4.0,0,0,0,1,0,0
USA,DNK,0.015439998191989832,0.032978328305459756,0,3848.2864,8,30,5.0,0,0,0,0,1,0
USA,FIN,0.01234138459448191,0.020232841286185164,0,4118.038,9,30,5.0,0,0,0,0,1,0
USA,FRA,0.02888100704594339,0.047146610888389194,0,3628.4385,10,30,5.0,0,0,0,0,1,0
USA,DEU,0.029816818641260345,0.04635043588597911,0,3750.9849,11,30,5.0,0,0,0,0,1,0
USA,GRC,0.009926260120623361,0.016110499254942935,0,4928.11,12,30,5.0,0,0,0,0,1,0
USA,IND,0.016610976369042036,0.019852359410507118,0,7310.0107,13,30,6.0,0,0,0,0,0,1
USA,IDN,0.011158310488957046,0.01386714929407891,0,10056.137,14,30,6.0,0,0,0,0,0,1
USA,IRL,0.10679862773104601,0.1789698697387577,0,3180.6812,15,30,5.0,0,0,0,0,1,0
USA,ITA,0.014554509460102396,0.020069739549784006,0,4285.337,16,30,5.0,0,0,0,0,1,0
USA,JPN,0.018367255845038413,0.021004429055204533,0,6746.7915,17,30,6.0,0,0,0,0,0,1
USA,KOR,0.03062338855053928,0.03853528859947369,0,6877.379,18,30,6.0,0,0,0,0,0,1
USA,MEX,0.47227052651850576,1.8886445260124087,1,2093.88,19,30,4.0,0,0,0,1,0,0
USA,NOR,0.04022058271454101,0.08861469983943064,0,3677.2546,20,30,5.0,0,0,0,0,1,0
USA,POL,0.013489232919255538,0.025008135638858973,0,4260.673,21,30,5.0,0,0,0,0,1,0
USA,PRT,0.006770168800270804,0.013479266683422699,0,3371.7773,22,30,5.0,0,0,0,0,1,0
USA,RUS,0.013202495233386884,0.016509032043152988,0,4672.45,23,30,5.0,0,0,0,0,1,0
USA,ESP,0.02038692352089236,0.033344456106483907,0,3586.2427,24,30,5.0,0,0,0,0,1,0
USA,SWE,0.016843545268573224,0.03290059324994991,0,3929.679,25,30,5.0,0,0,0,0,1,0
USA,CHE,0.0672379280858179,0.18308161335231463,0,3898.2507,26,30,5.0,0,0,0,0,1,0
USA,THA,0.029948866405686177,0.04533458199101436,0,8665.88,27,30,6.0,0,0,0,0,0,1
USA,TUR,0.01898752118891688,0.026602851031888912,0,5016.0044,28,30,5.0,0,0,0,0,1,0
USA,GBR,0.04963564123335454,0.09713680737756764,0,3461.8777,29,30,5.0,0,0,0,0,1,0
USA,USA,0.7345625051931102,1.0,0,721.6122,30,30,2.0,0,1,0,0,0,0
