iso_o,iso_d,border,dist,importer,exporter,distbin,bin375,bin750,bin1500,bin3000,bin6000,binmax
AUS,AUS,0,648.1148,1,1,2.0,0,1,0,0,0,0
AUS,AUT,0,9937.199,2,1,6.0,0,0,0,0,0,1
AUS,BEL,0,10416.159,3,1,6.0,0,0,0,0,0,1
AUS,BRA,0,8310.602,4,1,6.0,0,0,0,0,0,1
AUS,CAN,0,9687.172,5,1,6.0,0,0,0,0,0,1
AUS,CHN,0,5566.461,6,1,5.0,0,0,0,0,1,0
AUS,COL,0,8862.926,7,1,6.0,0,0,0,0,0,1
AUS,DNK,0,9977.6875,8,1,6.0,0,0,0,0,0,1
AUS,FIN,0,9453.953,9,1,6.0,0,0,0,0,0,1
AUS,FRA,0,10550.319,10,1,6.0,0,0,0,0,0,1
AUS,DEU,0,10293.801,11,1,6.0,0,0,0,0,0,1
AUS,GRC,0,9532.428,12,1,6.0,0,0,0,0,0,1
AUS,IND,0,6485.46,13,1,6.0,0,0,0,0,0,1
AUS,IDN,0,3425.6694,14,1,5.0,0,0,0,0,1,0
AUS,IRL,0,10708.827,15,1,6.0,0,0,0,0,0,1
AUS,ITA,0,10151.184,16,1,6.0,0,0,0,0,0,1
AUS,JPN,0,4867.276,17,1,5.0,0,0,0,0,1,0
AUS,KOR,0,5176.9126,18,1,5.0,0,0,0,0,1,0
AUS,MEX,0,8070.339,19,1,6.0,0,0,0,0,0,1
AUS,NOR,0,9921.399,20,1,6.0,0,0,0,0,0,1
AUS,POL,0,9700.239,21,1,6.0,0,0,0,0,0,1
AUS,PRT,0,11305.543,22,1,6.0,0,0,0,0,0,1
AUS,RUS,0,9013.716,23,1,6.0,0,0,0,0,0,1
AUS,ESP,0,11000.282,24,1,6.0,0,0,0,0,0,1
AUS,SWE,0,9700.999,25,1,6.0,0,0,0,0,0,1
AUS,CHE,0,10362.464,26,1,6.0,0,0,0,0,0,1
AUS,THA,0,4685.8423,27,1,5.0,0,0,0,0,1,0
AUS,TUR,0,9297.8955,28,1,6.0,0,0,0,0,0,1
AUS,GBR,0,10572.572,29,1,6.0,0,0,0,0,0,1
AUS,USA,0,9949.53,30,1,6.0,0,0,0,0,0,1
AUT,AUS,0,9937.199,1,2,6.0,0,0,0,0,0,1
AUT,AUT,0,67.69398,2,2,1.0,1,0,0,0,0,0
AUT,BEL,0,568.34265,3,2,2.0,0,1,0,0,0,0
AUT,BRA,0,6306.074,4,2,6.0,0,0,0,0,0,1
AUT,CAN,0,4302.3857,5,2,5.0,0,0,0,0,1,0
AUT,CHN,0,4641.4,6,2,5.0,0,0,0,0,1,0
AUT,COL,0,6052.619,7,2,6.0,0,0,0,0,0,1
AUT,DNK,0,539.79517,8,2,2.0,0,1,0,0,0,0
AUT,FIN,0,893.60675,9,2,3.0,0,0,1,0,0,0
AUT,FRA,0,643.346,10,2,2.0,0,1,0,0,0,0
AUT,DEU,1,474.66217,11,2,2.0,0,1,0,0,0,0
AUT,GRC,0,797.76263,12,2,3.0,0,0,1,0,0,0
AUT,IND,0,3462.459,13,2,5.0,0,0,0,0,1,0
AUT,IDN,0,6559.2764,14,2,6.0,0,0,0,0,0,1
AUT,IRL,0,1045.3672,15,2,3.0,0,0,1,0,0,0
AUT,ITA,1,476.95044,16,2,2.0,0,1,0,0,0,0
AUT,JPN,0,5681.2075,17,2,5.0,0,0,0,0,1,0
AUT,KOR,0,5151.6655,18,2,5.0,0,0,0,0,1,0
AUT,MEX,0,6316.663,19,2,6.0,0,0,0,0,0,1
AUT,NOR,0,840.0864,20,2,3.0,0,0,1,0,0,0
AUT,POL,0,346.0687,21,2,1.0,1,0,0,0,0,0
AUT,PRT,0,1429.003,22,2,3.0,0,0,1,0,0,0
AUT,RUS,0,1041.454,23,2,3.0,0,0,1,0,0,0
AUT,ESP,0,1126.1647,24,2,3.0,0,0,1,0,0,0
AUT,SWE,0,772.101,25,2,3.0,0,0,1,0,0,0
AUT,CHE,1,425.66034,26,2,2.0,0,1,0,0,0,0
AUT,THA,0,5251.984,27,2,5.0,0,0,0,0,1,0
AUT,TUR,0,792.42993,28,2,3.0,0,0,1,0,0,0
AUT,GBR,0,769.5457,29,2,3.0,0,0,1,0,0,0
AUT,USA,0,4225.42,30,2,5.0,0,0,0,0,1,0
BEL,AUS,0,10416.159,1,3,6.0,0,0,0,0,0,1
BEL,AUT,0,568.34265,2,3,2.0,0,1,0,0,0,0
BEL,BEL,0,42.538643,3,3,1.0,1,0,0,0,0,0
BEL,BRA,0,6007.285,4,3,6.0,0,0,0,0,0,1
BEL,CAN,0,3748.6228,5,3,5.0,0,0,0,0,1,0
BEL,CHN,0,4953.897,6,3,5.0,0,0,0,0,1,0
BEL,COL,0,5515.309,7,3,5.0,0,0,0,0,1,0
BEL,DNK,0,476.79153,8,3,2.0,0,1,0,0,0,0
BEL,FIN,0,1026.4648,9,3,3.0,0,0,1,0,0,0
BEL,FRA,1,163.07304,10,3,1.0,1,0,0,0,0,0
BEL,DEU,1,122.3593,11,3,1.0,1,0,0,0,0,0
BEL,GRC,0,1298.462,12,3,3.0,0,0,1,0,0,0
BEL,IND,0,3989.8066,13,3,5.0,0,0,0,0,1,0
BEL,IDN,0,7095.267,14,3,6.0,0,0,0,0,0,1
BEL,IRL,0,482.05603,15,3,2.0,0,1,0,0,0,0
BEL,ITA,0,730.2074,16,3,2.0,0,1,0,0,0,0
BEL,JPN,0,5881.456,17,3,5.0,0,0,0,0,1,0
BEL,KOR,0,5420.8296,18,3,5.0,0,0,0,0,1,0
BEL,MEX,0,5754.725,19,3,5.0,0,0,0,0,1,0
BEL,NOR,0,676.0551,20,3,2.0,0,1,0,0,0,0
BEL,POL,0,721.3451,21,3,2.0,0,1,0,0,0,0
BEL,PRT,0,1063.6395,22,3,3.0,0,0,1,0,0,0
BEL,RUS,0,1405.3757,23,3,3.0,0,0,1,0,0,0
BEL,ESP,0,818.2972,24,3,3.0,0,0,1,0,0,0
BEL,SWE,0,797.83496,25,3,3.0,0,0,1,0,0,0
BEL,CHE,0,302.95557,26,3,1.0,1,0,0,0,0,0
BEL,THA,0,5755.4644,27,3,5.0,0,0,0,0,1,0
BEL,TUR,0,1354.5007,28,3,3.0,0,0,1,0,0,0
BEL,GBR,0,201.23035,29,3,1.0,1,0,0,0,0,0
BEL,USA,0,3661.7227,30,3,5.0,0,0,0,0,1,0
BRA,AUS,0,8310.602,1,4,6.0,0,0,0,0,0,1
BRA,AUT,0,6306.074,2,4,6.0,0,0,0,0,0,1
BRA,BEL,0,6007.285,3,4,6.0,0,0,0,0,0,1
BRA,BRA,0,682.0113,4,4,2.0,0,1,0,0,0,0
BRA,CAN,0,5090.959,5,4,5.0,0,0,0,0,1,0
BRA,CHN,0,10947.362,6,4,6.0,0,0,0,0,0,1
BRA,COL,1,2734.0796,7,4,4.0,0,0,0,1,0,0
BRA,DNK,0,6483.328,8,4,6.0,0,0,0,0,0,1
BRA,FIN,0,7032.9727,9,4,6.0,0,0,0,0,0,1
BRA,FRA,0,5847.363,10,4,5.0,0,0,0,0,1,0
BRA,DEU,0,6120.363,11,4,6.0,0,0,0,0,0,1
BRA,GRC,0,6237.429,12,4,6.0,0,0,0,0,0,1
BRA,IND,0,8975.446,13,4,6.0,0,0,0,0,0,1
BRA,IDN,0,9723.107,14,4,6.0,0,0,0,0,0,1
BRA,IRL,0,5841.154,15,4,5.0,0,0,0,0,1,0
BRA,ITA,0,5893.422,16,4,5.0,0,0,0,0,1,0
BRA,JPN,0,11528.659,17,4,6.0,0,0,0,0,0,1
BRA,KOR,0,11413.615,18,4,6.0,0,0,0,0,0,1
BRA,MEX,0,4623.7637,19,4,5.0,0,0,0,0,1,0
BRA,NOR,0,6613.4297,20,4,6.0,0,0,0,0,0,1
BRA,POL,0,6630.677,21,4,6.0,0,0,0,0,0,1
BRA,PRT,0,4944.464,22,4,5.0,0,0,0,0,1,0
BRA,RUS,0,7346.272,23,4,6.0,0,0,0,0,0,1
BRA,ESP,0,5214.2827,24,4,5.0,0,0,0,0,1,0
BRA,SWE,0,6796.8613,25,4,6.0,0,0,0,0,0,1
BRA,CHE,0,5925.725,26,4,5.0,0,0,0,0,1,0
BRA,THA,0,10198.866,27,4,6.0,0,0,0,0,0,1
BRA,TUR,0,6582.2007,28,4,6.0,0,0,0,0,0,1
BRA,GBR,0,5905.3516,29,4,5.0,0,0,0,0,1,0
BRA,USA,0,4782.043,30,4,5.0,0,0,0,0,1,0
CAN,AUS,0,9687.172,1,5,6.0,0,0,0,0,0,1
CAN,AUT,0,4302.3857,2,5,5.0,0,0,0,0,1,0
CAN,BEL,0,3748.6228,3,5,5.0,0,0,0,0,1,0
CAN,BRA,0,5090.959,4,5,5.0,0,0,0,0,1,0
CAN,CAN,0,738.3445,5,5,2.0,0,1,0,0,0,0
CAN,CHN,0,6586.898,6,5,6.0,0,0,0,0,0,1
CAN,COL,0,2711.7302,7,5,4.0,0,0,0,1,0,0
CAN,DNK,0,3888.8906,8,5,5.0,0,0,0,0,1,0
CAN,FIN,0,4108.6504,9,5,5.0,0,0,0,0,1,0
CAN,FRA,0,3731.9114,10,5,5.0,0,0,0,0,1,0
CAN,DEU,0,3828.8125,11,5,5.0,0,0,0,0,1,0
CAN,GRC,0,5036.2363,12,5,5.0,0,0,0,0,1,0
CAN,IND,0,7236.5605,13,5,6.0,0,0,0,0,0,1
CAN,IDN,0,9829.331,14,5,6.0,0,0,0,0,0,1
CAN,IRL,0,3267.0288,15,5,5.0,0,0,0,0,1,0
CAN,ITA,0,4405.9653,16,5,5.0,0,0,0,0,1,0
CAN,JPN,0,6437.845,17,5,6.0,0,0,0,0,0,1
CAN,KOR,0,6598.946,18,5,6.0,0,0,0,0,0,1
CAN,MEX,0,2030.6339,19,5,4.0,0,0,0,1,0,0
CAN,NOR,0,3692.7231,20,5,5.0,0,0,0,0,1,0
CAN,POL,0,4304.4663,21,5,5.0,0,0,0,0,1,0
CAN,PRT,0,3561.7188,22,5,5.0,0,0,0,0,1,0
CAN,RUS,0,4658.4966,23,5,5.0,0,0,0,0,1,0
CAN,ESP,0,3754.194,24,5,5.0,0,0,0,0,1,0
CAN,SWE,0,3937.4502,25,5,5.0,0,0,0,0,1,0
CAN,CHE,0,4002.9316,26,5,5.0,0,0,0,0,1,0
CAN,THA,0,8481.742,27,5,6.0,0,0,0,0,0,1
CAN,TUR,0,5094.6123,28,5,5.0,0,0,0,0,1,0
CAN,GBR,0,3552.3599,29,5,5.0,0,0,0,0,1,0
CAN,USA,1,340.82947,30,5,1.0,1,0,0,0,0,0
CHN,AUS,0,5566.461,1,6,5.0,0,0,0,0,1,0
CHN,AUT,0,4641.4,2,6,5.0,0,0,0,0,1,0
CHN,BEL,0,4953.897,3,6,5.0,0,0,0,0,1,0
CHN,BRA,0,10947.362,4,6,6.0,0,0,0,0,0,1
CHN,CAN,0,6586.898,5,6,6.0,0,0,0,0,0,1
CHN,CHN,0,723.2487,6,6,2.0,0,1,0,0,0,0
CHN,COL,0,9283.702,7,6,6.0,0,0,0,0,0,1
CHN,DNK,0,4480.023,8,6,5.0,0,0,0,0,1,0
CHN,FIN,0,3932.179,9,6,5.0,0,0,0,0,1,0
CHN,FRA,0,5112.0156,10,6,5.0,0,0,0,0,1,0
CHN,DEU,0,4838.6216,11,6,5.0,0,0,0,0,1,0
CHN,GRC,0,4737.9966,12,6,5.0,0,0,0,0,1,0
CHN,IND,1,2352.4011,13,6,4.0,0,0,0,1,0,0
CHN,IDN,0,3244.7979,14,6,5.0,0,0,0,0,1,0
CHN,IRL,0,5152.805,15,6,5.0,0,0,0,0,1,0
CHN,ITA,0,5055.746,16,6,5.0,0,0,0,0,1,0
CHN,JPN,0,1303.9844,17,6,3.0,0,0,1,0,0,0
CHN,KOR,0,593.94104,18,6,2.0,0,1,0,0,0,0
CHN,MEX,0,7748.395,19,6,6.0,0,0,0,0,0,1
CHN,NOR,0,4369.799,20,6,5.0,0,0,0,0,1,0
CHN,POL,0,4318.1475,21,6,5.0,0,0,0,0,1,0
CHN,PRT,0,6013.4434,22,6,6.0,0,0,0,0,0,1
CHN,RUS,1,3601.644,23,6,5.0,0,0,0,0,1,0
CHN,ESP,0,5737.911,24,6,5.0,0,0,0,0,1,0
CHN,SWE,0,4172.6455,25,6,5.0,0,0,0,0,1,0
CHN,CHE,0,5024.403,26,6,5.0,0,0,0,0,1,0
CHN,THA,0,2053.3816,27,6,4.0,0,0,0,1,0,0
CHN,TUR,0,4390.4272,28,6,5.0,0,0,0,0,1,0
CHN,GBR,0,5066.099,29,6,5.0,0,0,0,0,1,0
CHN,USA,0,6832.6196,30,6,6.0,0,0,0,0,0,1
COL,AUS,0,8862.926,1,7,6.0,0,0,0,0,0,1
COL,AUT,0,6052.619,2,7,6.0,0,0,0,0,0,1
COL,BEL,0,5515.309,3,7,5.0,0,0,0,0,1,0
COL,BRA,1,2734.0796,4,7,4.0,0,0,0,1,0,0
COL,CAN,0,2711.7302,5,7,4.0,0,0,0,1,0,0
COL,CHN,0,9283.702,6,7,6.0,0,0,0,0,0,1
COL,COL,0,249.783,7,7,1.0,1,0,0,0,0,0
COL,DNK,0,5869.3516,8,7,5.0,0,0,0,0,1,0
COL,FIN,0,6291.7896,9,7,6.0,0,0,0,0,0,1
COL,FRA,0,5411.8564,10,7,5.0,0,0,0,0,1,0
COL,DEU,0,5632.5273,11,7,5.0,0,0,0,0,1,0
COL,GRC,0,6504.921,12,7,6.0,0,0,0,0,0,1
COL,IND,0,9503.144,13,7,6.0,0,0,0,0,0,1
COL,IDN,0,12288.587,14,7,6.0,0,0,0,0,0,1
COL,IRL,0,5101.3135,15,7,5.0,0,0,0,0,1,0
COL,ITA,0,5886.5405,16,7,5.0,0,0,0,0,1,0
COL,JPN,0,8864.425,17,7,6.0,0,0,0,0,0,1
COL,KOR,0,9209.012,18,7,6.0,0,0,0,0,0,1
COL,MEX,0,1919.8004,19,7,4.0,0,0,0,1,0,0
COL,NOR,0,5803.287,20,7,5.0,0,0,0,0,1,0
COL,POL,0,6228.019,21,7,6.0,0,0,0,0,0,1
COL,PRT,0,4733.602,22,7,5.0,0,0,0,0,1,0
COL,RUS,0,6823.5576,23,7,6.0,0,0,0,0,0,1
COL,ESP,0,5038.534,24,7,5.0,0,0,0,0,1,0
COL,SWE,0,6060.852,25,7,6.0,0,0,0,0,0,1
COL,CHE,0,5637.467,26,7,5.0,0,0,0,0,1,0
COL,THA,0,11144.698,27,7,6.0,0,0,0,0,0,1
COL,TUR,0,6738.5493,28,7,6.0,0,0,0,0,0,1
COL,GBR,0,5326.6997,29,7,5.0,0,0,0,0,1,0
COL,USA,0,2499.1743,30,7,4.0,0,0,0,1,0,0
DNK,AUS,0,9977.6875,1,8,6.0,0,0,0,0,0,1
DNK,AUT,0,539.79517,2,8,2.0,0,1,0,0,0,0
DNK,BEL,0,476.79153,3,8,2.0,0,1,0,0,0,0
DNK,BRA,0,6483.328,4,8,6.0,0,0,0,0,0,1
DNK,CAN,0,3888.8906,5,8,5.0,0,0,0,0,1,0
DNK,CHN,0,4480.023,6,8,5.0,0,0,0,0,1,0
DNK,COL,0,5869.3516,7,8,5.0,0,0,0,0,1,0
DNK,DNK,0,48.527306,8,8,1.0,1,0,0,0,0,0
DNK,FIN,0,549.8056,9,8,2.0,0,1,0,0,0,0
DNK,FRA,0,638.6633,10,8,2.0,0,1,0,0,0,0
DNK,DEU,1,370.3254,11,8,1.0,1,0,0,0,0,0
DNK,GRC,0,1327.2439,12,8,3.0,0,0,1,0,0,0
DNK,IND,0,3637.3254,13,8,5.0,0,0,0,0,1,0
DNK,IDN,0,6738.147,14,8,6.0,0,0,0,0,0,1
DNK,IRL,0,770.9746,15,8,3.0,0,0,1,0,0,0
DNK,ITA,0,953.4405,16,8,3.0,0,0,1,0,0,0
DNK,JPN,0,5408.6616,17,8,5.0,0,0,0,0,1,0
DNK,KOR,0,4944.0747,18,8,5.0,0,0,0,0,1,0
DNK,MEX,0,5918.473,19,8,5.0,0,0,0,0,1,0
DNK,NOR,0,301.62512,20,8,1.0,1,0,0,0,0,0
DNK,POL,0,415.72897,21,8,2.0,0,1,0,0,0,0
DNK,PRT,0,1540.3793,22,8,4.0,0,0,0,1,0,0
DNK,RUS,0,973.50006,23,8,3.0,0,0,1,0,0,0
DNK,ESP,0,1289.6063,24,8,3.0,0,0,1,0,0,0
DNK,SWE,0,325.53583,25,8,1.0,1,0,0,0,0,0
DNK,CHE,0,642.32916,26,8,2.0,0,1,0,0,0,0
DNK,THA,0,5362.8555,27,8,5.0,0,0,0,0,1,0
DNK,TUR,0,1254.4926,28,8,3.0,0,0,1,0,0,0
DNK,GBR,0,596.39136,29,8,2.0,0,1,0,0,0,0
DNK,USA,0,3848.2864,30,8,5.0,0,0,0,0,1,0
FIN,AUS,0,9453.953,1,9,6.0,0,0,0,0,0,1
FIN,AUT,0,893.60675,2,9,3.0,0,0,1,0,0,0
FIN,BEL,0,1026.4648,3,9,3.0,0,0,1,0,0,0
FIN,BRA,0,7032.9727,4,9,6.0,0,0,0,0,0,1
FIN,CAN,0,4108.6504,5,9,5.0,0,0,0,0,1,0
FIN,CHN,0,3932.179,6,9,5.0,0,0,0,0,1,0
FIN,COL,0,6291.7896,7,9,6.0,0,0,0,0,0,1
FIN,DNK,0,549.8056,8,9,2.0,0,1,0,0,0,0
FIN,FIN,0,135.62206,9,9,1.0,1,0,0,0,0,0
FIN,FRA,0,1187.7802,10,9,3.0,0,0,1,0,0,0
FIN,DEU,0,916.69104,11,9,3.0,0,0,1,0,0,0
FIN,GRC,0,1532.0353,12,9,4.0,0,0,0,1,0,0
FIN,IND,0,3244.7756,13,9,5.0,0,0,0,0,1,0
FIN,IDN,0,6311.193,14,9,6.0,0,0,0,0,0,1
FIN,IRL,0,1260.8757,15,9,3.0,0,0,1,0,0,0
FIN,ITA,0,1369.2715,16,9,3.0,0,0,1,0,0,0
FIN,JPN,0,4866.408,17,9,5.0,0,0,0,0,1,0
FIN,KOR,0,4394.379,18,9,5.0,0,0,0,0,1,0
FIN,MEX,0,6128.366,19,9,6.0,0,0,0,0,0,1
FIN,NOR,1,491.75647,20,9,2.0,0,1,0,0,0,0
FIN,POL,0,566.3693,21,9,2.0,0,1,0,0,0,0
FIN,PRT,0,2090.1045,22,9,4.0,0,0,0,1,0,0
FIN,RUS,1,554.80286,23,9,2.0,0,1,0,0,0,0
FIN,ESP,0,1834.8009,24,9,4.0,0,0,0,1,0,0
FIN,SWE,1,247.29161,25,9,1.0,1,0,0,0,0,0
FIN,CHE,0,1155.5997,26,9,3.0,0,0,1,0,0,0
FIN,THA,0,4905.3,27,9,5.0,0,0,0,0,1,0
FIN,TUR,0,1331.9681,28,9,3.0,0,0,1,0,0,0
FIN,GBR,0,1135.4431,29,9,3.0,0,0,1,0,0,0
FIN,USA,0,4118.038,30,9,5.0,0,0,0,0,1,0
FRA,AUS,0,10550.319,1,10,6.0,0,0,0,0,0,1
FRA,AUT,0,643.346,2,10,2.0,0,1,0,0,0,0
FRA,BEL,1,163.07304,3,10,1.0,1,0,0,0,0,0
FRA,BRA,0,5847.363,4,10,5.0,0,0,0,0,1,0
FRA,CAN,0,3731.9114,5,10,5.0,0,0,0,0,1,0
FRA,CHN,0,5112.0156,6,10,5.0,0,0,0,0,1,0
FRA,COL,0,5411.8564,7,10,5.0,0,0,0,0,1,0
FRA,DNK,0,638.6633,8,10,2.0,0,1,0,0,0,0
FRA,FIN,0,1187.7802,9,10,3.0,0,0,1,0,0,0
FRA,FRA,0,172.89474,10,10,1.0,1,0,0,0,0,0
FRA,DEU,1,273.39868,11,10,1.0,1,0,0,0,0,0
FRA,GRC,0,1304.3667,12,10,3.0,0,0,1,0,0,0
FRA,IND,0,4098.341,13,10,5.0,0,0,0,0,1,0
FRA,IDN,0,7199.657,14,10,6.0,0,0,0,0,0,1
FRA,IRL,0,483.6564,15,10,2.0,0,1,0,0,0,0
FRA,ITA,1,689.808,16,10,2.0,0,1,0,0,0,0
FRA,JPN,0,6044.518,17,10,6.0,0,0,0,0,0,1
FRA,KOR,0,5582.018,18,10,5.0,0,0,0,0,1,0
FRA,MEX,0,5722.0723,19,10,5.0,0,0,0,0,1,0
FRA,NOR,0,834.6114,20,10,3.0,0,0,1,0,0,0
FRA,POL,0,850.32825,21,10,3.0,0,0,1,0,0,0
FRA,PRT,0,902.9583,22,10,3.0,0,0,1,0,0,0
FRA,RUS,0,1550.2278,23,10,4.0,0,0,0,1,0,0
FRA,ESP,1,655.4732,24,10,2.0,0,1,0,0,0,0
FRA,SWE,0,960.719,25,10,3.0,0,0,1,0,0,0
FRA,CHE,1,271.0241,26,10,1.0,1,0,0,0,0,0
FRA,THA,0,5876.1997,27,10,5.0,0,0,0,0,1,0
FRA,TUR,0,1401.9951,28,10,3.0,0,0,1,0,0,0
FRA,GBR,0,213.14325,29,10,1.0,1,0,0,0,0,0
FRA,USA,0,3628.4385,30,10,5.0,0,0,0,0,1,0
DEU,AUS,0,10293.801,1,11,6.0,0,0,0,0,0,1
DEU,AUT,1,474.66217,2,11,2.0,0,1,0,0,0,0
DEU,BEL,1,122.3593,3,11,1.0,1,0,0,0,0,0
DEU,BRA,0,6120.363,4,11,6.0,0,0,0,0,0,1
DEU,CAN,0,3828.8125,5,11,5.0,0,0,0,0,1,0
DEU,CHN,0,4838.6216,6,11,5.0,0,0,0,0,1,0
DEU,COL,0,5632.5273,7,11,5.0,0,0,0,0,1,0
DEU,DNK,1,370.3254,8,11,1.0,1,0,0,0,0,0
DEU,FIN,0,916.69104,9,11,3.0,0,0,1,0,0,0
DEU,FRA,1,273.39868,10,11,1.0,1,0,0,0,0,0
DEU,DEU,0,139.73637,11,11,1.0,1,0,0,0,0,0
DEU,GRC,0,1237.1548,12,11,3.0,0,0,1,0,0,0
DEU,IND,0,3871.7446,13,11,5.0,0,0,0,0,1,0
DEU,IDN,0,6977.762,14,11,6.0,0,0,0,0,0,1
DEU,IRL,0,572.324,15,11,2.0,0,1,0,0,0,0
DEU,ITA,0,712.25806,16,11,2.0,0,1,0,0,0,0
DEU,JPN,0,5778.9565,17,11,5.0,0,0,0,0,1,0
DEU,KOR,0,5309.9966,18,11,5.0,0,0,0,0,1,0
DEU,MEX,0,5842.0024,19,11,5.0,0,0,0,0,1,0
DEU,NOR,0,602.4124,20,11,2.0,0,1,0,0,0,0
DEU,POL,1,600.3239,21,11,2.0,0,1,0,0,0,0
DEU,PRT,0,1175.9058,22,11,3.0,0,0,1,0,0,0
DEU,RUS,0,1283.5195,23,11,3.0,0,0,1,0,0,0
DEU,ESP,0,919.4106,24,11,3.0,0,0,1,0,0,0
DEU,SWE,0,695.41907,25,11,2.0,0,1,0,0,0,0
DEU,CHE,1,313.1142,26,11,1.0,1,0,0,0,0,0
DEU,THA,0,5634.4805,27,11,5.0,0,0,0,0,1,0
DEU,TUR,0,1266.8318,28,11,3.0,0,0,1,0,0,0
DEU,GBR,0,307.8703,29,11,1.0,1,0,0,0,0,0
DEU,USA,0,3750.9849,30,11,5.0,0,0,0,0,1,0
GRC,AUS,0,9532.428,1,12,6.0,0,0,0,0,0,1
GRC,AUT,0,797.76263,2,12,3.0,0,0,1,0,0,0
GRC,BEL,0,1298.462,3,12,3.0,0,0,1,0,0,0
GRC,BRA,0,6237.429,4,12,6.0,0,0,0,0,0,1
GRC,CAN,0,5036.2363,5,12,5.0,0,0,0,0,1,0
GRC,CHN,0,4737.9966,6,12,5.0,0,0,0,0,1,0
GRC,COL,0,6504.921,7,12,6.0,0,0,0,0,0,1
GRC,DNK,0,1327.2439,8,12,3.0,0,0,1,0,0,0
GRC,FIN,0,1532.0353,9,12,4.0,0,0,0,1,0,0
GRC,FRA,0,1304.3667,10,12,3.0,0,0,1,0,0,0
GRC,DEU,0,1237.1548,11,12,3.0,0,0,1,0,0,0
GRC,GRC,0,84.80869,12,12,1.0,1,0,0,0,0,0
GRC,IND,0,3116.1804,13,12,5.0,0,0,0,0,1,0
GRC,IDN,0,6108.707,14,12,6.0,0,0,0,0,0,1
GRC,IRL,0,1774.5323,15,12,4.0,0,0,0,1,0,0
GRC,ITA,0,652.8344,16,12,2.0,0,1,0,0,0,0
GRC,JPN,0,5915.467,17,12,5.0,0,0,0,0,1,0
GRC,KOR,0,5300.3687,18,12,5.0,0,0,0,0,1,0
GRC,MEX,0,7019.6255,19,12,6.0,0,0,0,0,0,1
GRC,NOR,0,1619.8914,20,12,4.0,0,0,0,1,0,0
GRC,POL,0,994.5126,21,12,3.0,0,0,1,0,0,0
GRC,PRT,0,1773.6316,22,12,4.0,0,0,0,1,0,0
GRC,RUS,0,1388.1807,23,12,3.0,0,0,1,0,0,0
GRC,ESP,0,1474.769,24,12,3.0,0,0,1,0,0,0
GRC,SWE,0,1496.8164,25,12,3.0,0,0,1,0,0,0
GRC,CHE,0,1033.3445,26,12,3.0,0,0,1,0,0,0
GRC,THA,0,4928.7666,27,12,5.0,0,0,0,0,1,0
GRC,TUR,1,348.486,28,12,1.0,1,0,0,0,0,0
GRC,GBR,0,1488.4088,29,12,3.0,0,0,1,0,0,0
GRC,USA,0,4928.11,30,12,5.0,0,0,0,0,1,0
IND,AUS,0,6485.46,1,13,6.0,0,0,0,0,0,1
IND,AUT,0,3462.459,2,13,5.0,0,0,0,0,1,0
IND,BEL,0,3989.8066,3,13,5.0,0,0,0,0,1,0
IND,BRA,0,8975.446,4,13,6.0,0,0,0,0,0,1
IND,CAN,0,7236.5605,5,13,6.0,0,0,0,0,0,1
IND,CHN,1,2352.4011,6,13,4.0,0,0,0,1,0,0
IND,COL,0,9503.144,7,13,6.0,0,0,0,0,0,1
IND,DNK,0,3637.3254,8,13,5.0,0,0,0,0,1,0
IND,FIN,0,3244.7756,9,13,5.0,0,0,0,0,1,0
IND,FRA,0,4098.341,10,13,5.0,0,0,0,0,1,0
IND,DEU,0,3871.7446,11,13,5.0,0,0,0,0,1,0
IND,GRC,0,3116.1804,12,13,5.0,0,0,0,0,1,0
IND,IND,0,423.8543,13,13,2.0,0,1,0,0,0,0
IND,IDN,0,3106.4194,14,13,5.0,0,0,0,0,1,0
IND,IRL,0,4403.0015,15,13,5.0,0,0,0,0,1,0
IND,ITA,0,3680.685,16,13,5.0,0,0,0,0,1,0
IND,JPN,0,3634.3757,17,13,5.0,0,0,0,0,1,0
IND,KOR,0,2916.5146,18,13,4.0,0,0,0,1,0,0
IND,MEX,0,9119.736,19,13,6.0,0,0,0,0,0,1
IND,NOR,0,3723.853,20,13,5.0,0,0,0,0,1,0
IND,POL,0,3275.2227,21,13,5.0,0,0,0,0,1,0
IND,PRT,0,4836.832,22,13,5.0,0,0,0,0,1,0
IND,RUS,0,2698.4968,23,13,4.0,0,0,0,1,0,0
IND,ESP,0,4525.8213,24,13,5.0,0,0,0,0,1,0
IND,SWE,0,3464.4014,25,13,5.0,0,0,0,0,1,0
IND,CHE,0,3883.7869,26,13,5.0,0,0,0,0,1,0
IND,THA,0,1814.6091,27,13,4.0,0,0,0,1,0,0
IND,TUR,0,2833.0103,28,13,4.0,0,0,0,1,0,0
IND,GBR,0,4176.903,29,13,5.0,0,0,0,0,1,0
IND,USA,0,7310.0107,30,13,6.0,0,0,0,0,0,1
IDN,AUS,0,3425.6694,1,14,5.0,0,0,0,0,1,0
IDN,AUT,0,6559.2764,2,14,6.0,0,0,0,0,0,1
IDN,BEL,0,7095.267,3,14,6.0,0,0,0,0,0,1
IDN,BRA,0,9723.107,4,14,6.0,0,0,0,0,0,1
IDN,CAN,0,9829.331,5,14,6.0,0,0,0,0,0,1
IDN,CHN,0,3244.7979,6,14,5.0,0,0,0,0,1,0
IDN,COL,0,12288.587,7,14,6.0,0,0,0,0,0,1
IDN,DNK,0,6738.147,8,14,6.0,0,0,0,0,0,1
IDN,FIN,0,6311.193,9,14,6.0,0,0,0,0,0,1
IDN,FRA,0,7199.657,10,14,6.0,0,0,0,0,0,1
IDN,DEU,0,6977.762,11,14,6.0,0,0,0,0,0,1
IDN,GRC,0,6108.707,12,14,6.0,0,0,0,0,0,1
IDN,IND,0,3106.4194,13,14,5.0,0,0,0,0,1,0
IDN,IDN,0,325.06305,14,14,1.0,1,0,0,0,0,0
IDN,IRL,0,7506.8853,15,14,6.0,0,0,0,0,0,1
IDN,ITA,0,6727.0215,16,14,6.0,0,0,0,0,0,1
IDN,JPN,0,3599.5198,17,14,5.0,0,0,0,0,1,0
IDN,KOR,0,3288.803,18,14,5.0,0,0,0,0,1,0
IDN,MEX,0,10480.708,19,14,6.0,0,0,0,0,0,1
IDN,NOR,0,6800.458,20,14,6.0,0,0,0,0,0,1
IDN,POL,0,6381.631,21,14,6.0,0,0,0,0,0,1
IDN,PRT,0,7880.053,22,14,6.0,0,0,0,0,0,1
IDN,RUS,0,5781.6694,23,14,5.0,0,0,0,0,1,0
IDN,ESP,0,7575.0845,24,14,6.0,0,0,0,0,0,1
IDN,SWE,0,6543.3643,25,14,6.0,0,0,0,0,0,1
IDN,CHE,0,6974.9478,26,14,6.0,0,0,0,0,0,1
IDN,THA,0,1439.6931,27,14,3.0,0,0,1,0,0,0
IDN,TUR,0,5874.929,28,14,5.0,0,0,0,0,1,0
IDN,GBR,0,7283.2715,29,14,6.0,0,0,0,0,0,1
IDN,USA,0,10056.137,30,14,6.0,0,0,0,0,0,1
IRL,AUS,0,10708.827,1,15,6.0,0,0,0,0,0,1
IRL,AUT,0,1045.3672,2,15,3.0,0,0,1,0,0,0
IRL,BEL,0,482.05603,3,15,2.0,0,1,0,0,0,0
IRL,BRA,0,5841.154,4,15,5.0,0,0,0,0,1,0
IRL,CAN,0,3267.0288,5,15,5.0,0,0,0,0,1,0
IRL,CHN,0,5152.805,6,15,5.0,0,0,0,0,1,0
IRL,COL,0,5101.3135,7,15,5.0,0,0,0,0,1,0
IRL,DNK,0,770.9746,8,15,3.0,0,0,1,0,0,0
IRL,FIN,0,1260.8757,9,15,3.0,0,0,1,0,0,0
IRL,FRA,0,483.6564,10,15,2.0,0,1,0,0,0,0
IRL,DEU,0,572.324,11,15,2.0,0,1,0,0,0,0
IRL,GRC,0,1774.5323,12,15,4.0,0,0,0,1,0,0
IRL,IND,0,4403.0015,13,15,5.0,0,0,0,0,1,0
IRL,IDN,0,7506.8853,14,15,6.0,0,0,0,0,0,1
IRL,IRL,0,61.973938,15,15,1.0,1,0,0,0,0,0
IRL,ITA,0,1173.234,16,15,3.0,0,0,1,0,0,0
IRL,JPN,0,5965.821,17,15,5.0,0,0,0,0,1,0
IRL,KOR,0,5573.8696,18,15,5.0,0,0,0,0,1,0
IRL,MEX,0,5273.1646,19,15,5.0,0,0,0,0,1,0
IRL,NOR,0,787.45483,20,15,3.0,0,0,1,0,0,0
IRL,POL,0,1135.3761,21,15,3.0,0,0,1,0,0,0
IRL,PRT,0,1019.15515,22,15,3.0,0,0,1,0,0,0
IRL,RUS,0,1741.65,23,15,4.0,0,0,0,1,0,0
IRL,ESP,0,901.32745,24,15,3.0,0,0,1,0,0,0
IRL,SWE,0,1013.7647,25,15,3.0,0,0,1,0,0,0
IRL,CHE,0,748.26465,26,15,2.0,0,1,0,0,0,0
IRL,THA,0,6133.4136,27,15,6.0,0,0,0,0,0,1
IRL,TUR,0,1835.3585,28,15,4.0,0,0,0,1,0,0
IRL,GBR,1,286.1476,29,15,1.0,1,0,0,0,0,0
IRL,USA,0,3180.6812,30,15,5.0,0,0,0,0,1,0
ITA,AUS,0,10151.184,1,16,6.0,0,0,0,0,0,1
ITA,AUT,1,476.95044,2,16,2.0,0,1,0,0,0,0
ITA,BEL,0,730.2074,3,16,2.0,0,1,0,0,0,0
ITA,BRA,0,5893.422,4,16,5.0,0,0,0,0,1,0
ITA,CAN,0,4405.9653,5,16,5.0,0,0,0,0,1,0
ITA,CHN,0,5055.746,6,16,5.0,0,0,0,0,1,0
ITA,COL,0,5886.5405,7,16,5.0,0,0,0,0,1,0
ITA,DNK,0,953.4405,8,16,3.0,0,0,1,0,0,0
ITA,FIN,0,1369.2715,9,16,3.0,0,0,1,0,0,0
ITA,FRA,1,689.808,10,16,2.0,0,1,0,0,0,0
ITA,DEU,0,712.25806,11,16,2.0,0,1,0,0,0,0
ITA,GRC,0,652.8344,12,16,2.0,0,1,0,0,0,0
ITA,IND,0,3680.685,13,16,5.0,0,0,0,0,1,0
ITA,IDN,0,6727.0215,14,16,6.0,0,0,0,0,0,1
ITA,IRL,0,1173.234,15,16,3.0,0,0,1,0,0,0
ITA,ITA,0,128.31987,16,16,1.0,1,0,0,0,0,0
ITA,JPN,0,6133.795,17,16,6.0,0,0,0,0,0,1
ITA,KOR,0,5582.7593,18,16,5.0,0,0,0,0,1,0
ITA,MEX,0,6373.441,19,16,6.0,0,0,0,0,0,1
ITA,NOR,0,1249.6444,20,16,3.0,0,0,1,0,0,0
ITA,POL,0,820.0614,21,16,3.0,0,0,1,0,0,0
ITA,PRT,0,1158.5088,22,16,3.0,0,0,1,0,0,0
ITA,RUS,0,1481.1503,23,16,3.0,0,0,1,0,0,0
ITA,ESP,0,849.4472,24,16,3.0,0,0,1,0,0,0
ITA,SWE,0,1230.6539,25,16,3.0,0,0,1,0,0,0
ITA,CHE,1,430.4905,26,16,2.0,0,1,0,0,0,0
ITA,THA,0,5493.203,27,16,5.0,0,0,0,0,1,0
ITA,TUR,0,853.4927,28,16,3.0,0,0,1,0,0,0
ITA,GBR,0,893.9871,29,16,3.0,0,0,1,0,0,0
ITA,USA,0,4285.337,30,16,5.0,0,0,0,0,1,0
JPN,AUS,0,4867.276,1,17,5.0,0,0,0,0,1,0
JPN,AUT,0,5681.2075,2,17,5.0,0,0,0,0,1,0
JPN,BEL,0,5881.456,3,17,5.0,0,0,0,0,1,0
JPN,BRA,0,11528.659,4,17,6.0,0,0,0,0,0,1
JPN,CAN,0,6437.845,5,17,6.0,0,0,0,0,0,1
JPN,CHN,0,1303.9844,6,17,3.0,0,0,1,0,0,0
JPN,COL,0,8864.425,7,17,6.0,0,0,0,0,0,1
JPN,DNK,0,5408.6616,8,17,5.0,0,0,0,0,1,0
JPN,FIN,0,4866.408,9,17,5.0,0,0,0,0,1,0
JPN,FRA,0,6044.518,10,17,6.0,0,0,0,0,0,1
JPN,DEU,0,5778.9565,11,17,5.0,0,0,0,0,1,0
JPN,GRC,0,5915.467,12,17,5.0,0,0,0,0,1,0
JPN,IND,0,3634.3757,13,17,5.0,0,0,0,0,1,0
JPN,IDN,0,3599.5198,14,17,5.0,0,0,0,0,1,0
JPN,IRL,0,5965.821,15,17,5.0,0,0,0,0,1,0
JPN,ITA,0,6133.795,16,17,6.0,0,0,0,0,0,1
JPN,JPN,0,143.68431,17,17,1.0,1,0,0,0,0,0
JPN,KOR,0,718.8748,18,17,2.0,0,1,0,0,0,0
JPN,MEX,0,7030.6987,19,17,6.0,0,0,0,0,0,1
JPN,NOR,0,5231.2837,20,17,5.0,0,0,0,0,1,0
JPN,POL,0,5339.1562,21,17,5.0,0,0,0,0,1,0
JPN,PRT,0,6933.742,22,17,6.0,0,0,0,0,0,1
JPN,RUS,0,4652.768,23,17,5.0,0,0,0,0,1,0
JPN,ESP,0,6698.213,24,17,6.0,0,0,0,0,0,1
JPN,SWE,0,5084.3076,25,17,5.0,0,0,0,0,1,0
JPN,CHE,0,6016.5283,26,17,6.0,0,0,0,0,0,1
JPN,THA,0,2866.996,27,17,4.0,0,0,0,1,0,0
JPN,TUR,0,5567.958,28,17,5.0,0,0,0,0,1,0
JPN,GBR,0,5950.4272,29,17,5.0,0,0,0,0,1,0
JPN,USA,0,6746.7915,30,17,6.0,0,0,0,0,0,1
KOR,AUS,0,5176.9126,1,18,5.0,0,0,0,0,1,0
KOR,AUT,0,5151.6655,2,18,5.0,0,0,0,0,1,0
KOR,BEL,0,5420.8296,3,18,5.0,0,0,0,0,1,0
KOR,BRA,0,11413.615,4,18,6.0,0,0,0,0,0,1
KOR,CAN,0,6598.946,5,18,6.0,0,0,0,0,0,1
KOR,CHN,0,593.94104,6,18,2.0,0,1,0,0,0,0
KOR,COL,0,9209.012,7,18,6.0,0,0,0,0,0,1
KOR,DNK,0,4944.0747,8,18,5.0,0,0,0,0,1,0
KOR,FIN,0,4394.379,9,18,5.0,0,0,0,0,1,0
KOR,FRA,0,5582.018,10,18,5.0,0,0,0,0,1,0
KOR,DEU,0,5309.9966,11,18,5.0,0,0,0,0,1,0
KOR,GRC,0,5300.3687,12,18,5.0,0,0,0,0,1,0
KOR,IND,0,2916.5146,13,18,4.0,0,0,0,1,0,0
KOR,IDN,0,3288.803,14,18,5.0,0,0,0,0,1,0
KOR,IRL,0,5573.8696,15,18,5.0,0,0,0,0,1,0
KOR,ITA,0,5582.7593,16,18,5.0,0,0,0,0,1,0
KOR,JPN,0,718.8748,17,18,2.0,0,1,0,0,0,0
KOR,KOR,0,73.73173,18,18,1.0,1,0,0,0,0,0
KOR,MEX,0,7499.0728,19,18,6.0,0,0,0,0,0,1
KOR,NOR,0,4804.703,20,18,5.0,0,0,0,0,1,0
KOR,POL,0,4819.122,21,18,5.0,0,0,0,0,1,0
KOR,PRT,0,6484.4536,22,18,6.0,0,0,0,0,0,1
KOR,RUS,0,4110.668,23,18,5.0,0,0,0,0,1,0
KOR,ESP,0,6222.8975,24,18,6.0,0,0,0,0,0,1
KOR,SWE,0,4627.2104,25,18,5.0,0,0,0,0,1,0
KOR,CHE,0,5517.816,26,18,5.0,0,0,0,0,1,0
KOR,THA,0,2314.869,27,18,4.0,0,0,0,1,0,0
KOR,TUR,0,4951.9585,28,18,5.0,0,0,0,0,1,0
KOR,GBR,0,5516.091,29,18,5.0,0,0,0,0,1,0
KOR,USA,0,6877.379,30,18,6.0,0,0,0,0,0,1
MEX,AUS,0,8070.339,1,19,6.0,0,0,0,0,0,1
MEX,AUT,0,6316.663,2,19,6.0,0,0,0,0,0,1
MEX,BEL,0,5754.725,3,19,5.0,0,0,0,0,1,0
MEX,BRA,0,4623.7637,4,19,5.0,0,0,0,0,1,0
MEX,CAN,0,2030.6339,5,19,4.0,0,0,0,1,0,0
MEX,CHN,0,7748.395,6,19,6.0,0,0,0,0,0,1
MEX,COL,0,1919.8004,7,19,4.0,0,0,0,1,0,0
MEX,DNK,0,5918.473,8,19,5.0,0,0,0,0,1,0
MEX,FIN,0,6128.366,9,19,6.0,0,0,0,0,0,1
MEX,FRA,0,5722.0723,10,19,5.0,0,0,0,0,1,0
MEX,DEU,0,5842.0024,11,19,5.0,0,0,0,0,1,0
MEX,GRC,0,7019.6255,12,19,6.0,0,0,0,0,0,1
MEX,IND,0,9119.736,13,19,6.0,0,0,0,0,0,1
MEX,IDN,0,10480.708,14,19,6.0,0,0,0,0,0,1
MEX,IRL,0,5273.1646,15,19,5.0,0,0,0,0,1,0
MEX,ITA,0,6373.441,16,19,6.0,0,0,0,0,0,1
MEX,JPN,0,7030.6987,17,19,6.0,0,0,0,0,0,1
MEX,KOR,0,7499.0728,18,19,6.0,0,0,0,0,0,1
MEX,MEX,0,327.8711,19,19,1.0,1,0,0,0,0,0
MEX,NOR,0,5722.408,20,19,5.0,0,0,0,0,1,0
MEX,POL,0,6333.769,21,19,6.0,0,0,0,0,0,1
MEX,PRT,0,5396.847,22,19,5.0,0,0,0,0,1,0
MEX,RUS,0,6672.6523,23,19,6.0,0,0,0,0,0,1
MEX,ESP,0,5639.4976,24,19,5.0,0,0,0,0,1,0
MEX,SWE,0,5965.019,25,19,5.0,0,0,0,0,1,0
MEX,CHE,0,5991.588,26,19,5.0,0,0,0,0,1,0
MEX,THA,0,9795.555,27,19,6.0,0,0,0,0,0,1
MEX,TUR,0,7108.318,28,19,6.0,0,0,0,0,0,1
MEX,GBR,0,5555.2544,29,19,5.0,0,0,0,0,1,0
MEX,USA,1,2093.88,30,19,4.0,0,0,0,1,0,0
NOR,AUS,0,9921.399,1,20,6.0,0,0,0,0,0,1
NOR,AUT,0,840.0864,2,20,3.0,0,0,1,0,0,0
NOR,BEL,0,676.0551,3,20,2.0,0,1,0,0,0,0
NOR,BRA,0,6613.4297,4,20,6.0,0,0,0,0,0,1
NOR,CAN,0,3692.7231,5,20,5.0,0,0,0,0,1,0
NOR,CHN,0,4369.799,6,20,5.0,0,0,0,0,1,0
NOR,COL,0,5803.287,7,20,5.0,0,0,0,0,1,0
NOR,DNK,0,301.62512,8,20,1.0,1,0,0,0,0,0
NOR,FIN,1,491.75647,9,20,2.0,0,1,0,0,0,0
NOR,FRA,0,834.6114,10,20,3.0,0,0,1,0,0,0
NOR,DEU,0,602.4124,11,20,2.0,0,1,0,0,0,0
NOR,GRC,0,1619.8914,12,20,4.0,0,0,0,1,0,0
NOR,IND,0,3723.853,13,20,5.0,0,0,0,0,1,0
NOR,IDN,0,6800.458,14,20,6.0,0,0,0,0,0,1
NOR,IRL,0,787.45483,15,20,3.0,0,0,1,0,0,0
NOR,ITA,0,1249.6444,16,20,3.0,0,0,1,0,0,0
NOR,JPN,0,5231.2837,17,20,5.0,0,0,0,0,1,0
NOR,KOR,0,4804.703,18,20,5.0,0,0,0,0,1,0
NOR,MEX,0,5722.408,19,20,5.0,0,0,0,0,1,0
NOR,NOR,0,133.00992,20,20,1.0,1,0,0,0,0,0
NOR,POL,0,660.07056,21,20,2.0,0,1,0,0,0,0
NOR,PRT,0,1702.7643,22,20,4.0,0,0,0,1,0,0
NOR,RUS,1,1025.3568,23,20,3.0,0,0,1,0,0,0
NOR,ESP,0,1485.8809,24,20,3.0,0,0,1,0,0,0
NOR,SWE,1,259.51883,25,20,1.0,1,0,0,0,0,0
NOR,CHE,0,907.0098,26,20,3.0,0,0,1,0,0,0
NOR,THA,0,5396.955,27,20,5.0,0,0,0,0,1,0
NOR,TUR,0,1520.9633,28,20,4.0,0,0,0,1,0,0
NOR,GBR,0,719.1451,29,20,2.0,0,1,0,0,0,0
NOR,USA,0,3677.2546,30,20,5.0,0,0,0,0,1,0
POL,AUS,0,9700.239,1,21,6.0,0,0,0,0,0,1
POL,AUT,0,346.0687,2,21,1.0,1,0,0,0,0,0
POL,BEL,0,721.3451,3,21,2.0,0,1,0,0,0,0
POL,BRA,0,6630.677,4,21,6.0,0,0,0,0,0,1
POL,CAN,0,4304.4663,5,21,5.0,0,0,0,0,1,0
POL,CHN,0,4318.1475,6,21,5.0,0,0,0,0,1,0
POL,COL,0,6228.019,7,21,6.0,0,0,0,0,0,1
POL,DNK,0,415.72897,8,21,2.0,0,1,0,0,0,0
POL,FIN,0,566.3693,9,21,2.0,0,1,0,0,0,0
POL,FRA,0,850.32825,10,21,3.0,0,0,1,0,0,0
POL,DEU,1,600.3239,11,21,2.0,0,1,0,0,0,0
POL,GRC,0,994.5126,12,21,3.0,0,0,1,0,0,0
POL,IND,0,3275.2227,13,21,5.0,0,0,0,0,1,0
POL,IDN,0,6381.631,14,21,6.0,0,0,0,0,0,1
POL,IRL,0,1135.3761,15,21,3.0,0,0,1,0,0,0
POL,ITA,0,820.0614,16,21,3.0,0,0,1,0,0,0
POL,JPN,0,5339.1562,17,21,5.0,0,0,0,0,1,0
POL,KOR,0,4819.122,18,21,5.0,0,0,0,0,1,0
POL,MEX,0,6333.769,19,21,6.0,0,0,0,0,0,1
POL,NOR,0,660.07056,20,21,2.0,0,1,0,0,0,0
POL,POL,0,130.71677,21,21,1.0,1,0,0,0,0,0
POL,PRT,0,1715.6256,22,21,4.0,0,0,0,1,0,0
POL,RUS,1,718.724,23,21,2.0,0,1,0,0,0,0
POL,ESP,0,1425.1118,24,21,3.0,0,0,1,0,0,0
POL,SWE,0,502.8081,25,21,2.0,0,1,0,0,0,0
POL,CHE,0,708.50977,26,21,2.0,0,1,0,0,0,0
POL,THA,0,5034.2007,27,21,5.0,0,0,0,0,1,0
POL,TUR,0,861.6495,28,21,3.0,0,0,1,0,0,0
POL,GBR,0,902.20245,29,21,3.0,0,0,1,0,0,0
POL,USA,0,4260.673,30,21,5.0,0,0,0,0,1,0
PRT,AUS,0,11305.543,1,22,6.0,0,0,0,0,0,1
PRT,AUT,0,1429.003,2,22,3.0,0,0,1,0,0,0
PRT,BEL,0,1063.6395,3,22,3.0,0,0,1,0,0,0
PRT,BRA,0,4944.464,4,22,5.0,0,0,0,0,1,0
PRT,CAN,0,3561.7188,5,22,5.0,0,0,0,0,1,0
PRT,CHN,0,6013.4434,6,22,6.0,0,0,0,0,0,1
PRT,COL,0,4733.602,7,22,5.0,0,0,0,0,1,0
PRT,DNK,0,1540.3793,8,22,4.0,0,0,0,1,0,0
PRT,FIN,0,2090.1045,9,22,4.0,0,0,0,1,0,0
PRT,FRA,0,902.9583,10,22,3.0,0,0,1,0,0,0
PRT,DEU,0,1175.9058,11,22,3.0,0,0,1,0,0,0
PRT,GRC,0,1773.6316,12,22,4.0,0,0,0,1,0,0
PRT,IND,0,4836.832,13,22,5.0,0,0,0,0,1,0
PRT,IDN,0,7880.053,14,22,6.0,0,0,0,0,0,1
PRT,IRL,0,1019.15515,15,22,3.0,0,0,1,0,0,0
PRT,ITA,0,1158.5088,16,22,3.0,0,0,1,0,0,0
PRT,JPN,0,6933.742,17,22,6.0,0,0,0,0,0,1
PRT,KOR,0,6484.4536,18,22,6.0,0,0,0,0,0,1
PRT,MEX,0,5396.847,19,22,5.0,0,0,0,0,1,0
PRT,NOR,0,1702.7643,20,22,4.0,0,0,0,1,0,0
PRT,POL,0,1715.6256,21,22,4.0,0,0,0,1,0,0
PRT,PRT,0,71.0539,22,22,1.0,1,0,0,0,0,0
PRT,RUS,0,2432.157,23,22,4.0,0,0,0,1,0,0
PRT,ESP,1,311.32523,24,22,1.0,1,0,0,0,0,0
PRT,SWE,0,1858.8975,25,22,4.0,0,0,0,1,0,0
PRT,CHE,0,1011.17126,26,22,3.0,0,0,1,0,0,0
PRT,THA,0,6646.7275,27,22,6.0,0,0,0,0,0,1
PRT,TUR,0,2011.6692,28,22,4.0,0,0,0,1,0,0
PRT,GBR,0,983.89746,29,22,3.0,0,0,1,0,0,0
PRT,USA,0,3371.7773,30,22,5.0,0,0,0,0,1,0
RUS,AUS,0,9013.716,1,23,6.0,0,0,0,0,0,1
RUS,AUT,0,1041.454,2,23,3.0,0,0,1,0,0,0
RUS,BEL,0,1405.3757,3,23,3.0,0,0,1,0,0,0
RUS,BRA,0,7346.272,4,23,6.0,0,0,0,0,0,1
RUS,CAN,0,4658.4966,5,23,5.0,0,0,0,0,1,0
RUS,CHN,1,3601.644,6,23,5.0,0,0,0,0,1,0
RUS,COL,0,6823.5576,7,23,6.0,0,0,0,0,0,1
RUS,DNK,0,973.50006,8,23,3.0,0,0,1,0,0,0
RUS,FIN,1,554.80286,9,23,2.0,0,1,0,0,0,0
RUS,FRA,0,1550.2278,10,23,4.0,0,0,0,1,0,0
RUS,DEU,0,1283.5195,11,23,3.0,0,0,1,0,0,0
RUS,GRC,0,1388.1807,12,23,3.0,0,0,1,0,0,0
RUS,IND,0,2698.4968,13,23,4.0,0,0,0,1,0,0
RUS,IDN,0,5781.6694,14,23,5.0,0,0,0,0,1,0
RUS,IRL,0,1741.65,15,23,4.0,0,0,0,1,0,0
RUS,ITA,0,1481.1503,16,23,3.0,0,0,1,0,0,0
RUS,JPN,0,4652.768,17,23,5.0,0,0,0,0,1,0
RUS,KOR,0,4110.668,18,23,5.0,0,0,0,0,1,0
RUS,MEX,0,6672.6523,19,23,6.0,0,0,0,0,0,1
RUS,NOR,1,1025.3568,20,23,3.0,0,0,1,0,0,0
RUS,POL,1,718.724,21,23,2.0,0,1,0,0,0,0
RUS,PRT,0,2432.157,22,23,4.0,0,0,0,1,0,0
RUS,RUS,0,965.96906,23,23,3.0,0,0,1,0,0,0
RUS,ESP,0,2143.7537,24,23,4.0,0,0,0,1,0,0
RUS,SWE,0,765.9312,25,23,3.0,0,0,1,0,0,0
RUS,CHE,0,1427.2202,26,23,3.0,0,0,1,0,0,0
RUS,THA,0,4392.7466,27,23,5.0,0,0,0,0,1,0
RUS,TUR,0,1092.4237,28,23,3.0,0,0,1,0,0,0
RUS,GBR,0,1560.5223,29,23,4.0,0,0,0,1,0,0
RUS,USA,0,4672.45,30,23,5.0,0,0,0,0,1,0
ESP,AUS,0,11000.282,1,24,6.0,0,0,0,0,0,1
ESP,AUT,0,1126.1647,2,24,3.0,0,0,1,0,0,0
ESP,BEL,0,818.2972,3,24,3.0,0,0,1,0,0,0
ESP,BRA,0,5214.2827,4,24,5.0,0,0,0,0,1,0
ESP,CAN,0,3754.194,5,24,5.0,0,0,0,0,1,0
ESP,CHN,0,5737.911,6,24,5.0,0,0,0,0,1,0
ESP,COL,0,5038.534,7,24,5.0,0,0,0,0,1,0
ESP,DNK,0,1289.6063,8,24,3.0,0,0,1,0,0,0
ESP,FIN,0,1834.8009,9,24,4.0,0,0,0,1,0,0
ESP,FRA,1,655.4732,10,24,2.0,0,1,0,0,0,0
ESP,DEU,0,919.4106,11,24,3.0,0,0,1,0,0,0
ESP,GRC,0,1474.769,12,24,3.0,0,0,1,0,0,0
ESP,IND,0,4525.8213,13,24,5.0,0,0,0,0,1,0
ESP,IDN,0,7575.0845,14,24,6.0,0,0,0,0,0,1
ESP,IRL,0,901.32745,15,24,3.0,0,0,1,0,0,0
ESP,ITA,0,849.4472,16,24,3.0,0,0,1,0,0,0
ESP,JPN,0,6698.213,17,24,6.0,0,0,0,0,0,1
ESP,KOR,0,6222.8975,18,24,6.0,0,0,0,0,0,1
ESP,MEX,0,5639.4976,19,24,5.0,0,0,0,0,1,0
ESP,NOR,0,1485.8809,20,24,3.0,0,0,1,0,0,0
ESP,POL,0,1425.1118,21,24,3.0,0,0,1,0,0,0
ESP,PRT,1,311.32523,22,24,1.0,1,0,0,0,0,0
ESP,RUS,0,2143.7537,23,24,4.0,0,0,0,1,0,0
ESP,ESP,0,166.27744,24,24,1.0,1,0,0,0,0,0
ESP,SWE,0,1613.9888,25,24,4.0,0,0,0,1,0,0
ESP,CHE,0,716.66675,26,24,2.0,0,1,0,0,0,0
ESP,THA,0,6335.42,27,24,6.0,0,0,0,0,0,1
ESP,TUR,0,1702.9392,28,24,4.0,0,0,0,1,0,0
ESP,GBR,0,785.19507,29,24,3.0,0,0,1,0,0,0
ESP,USA,0,3586.2427,30,24,5.0,0,0,0,0,1,0
SWE,AUS,0,9700.999,1,25,6.0,0,0,0,0,0,1
SWE,AUT,0,772.101,2,25,3.0,0,0,1,0,0,0
SWE,BEL,0,797.83496,3,25,3.0,0,0,1,0,0,0
SWE,BRA,0,6796.8613,4,25,6.0,0,0,0,0,0,1
SWE,CAN,0,3937.4502,5,25,5.0,0,0,0,0,1,0
SWE,CHN,0,4172.6455,6,25,5.0,0,0,0,0,1,0
SWE,COL,0,6060.852,7,25,6.0,0,0,0,0,0,1
SWE,DNK,0,325.53583,8,25,1.0,1,0,0,0,0,0
SWE,FIN,1,247.29161,9,25,1.0,1,0,0,0,0,0
SWE,FRA,0,960.719,10,25,3.0,0,0,1,0,0,0
SWE,DEU,0,695.41907,11,25,2.0,0,1,0,0,0,0
SWE,GRC,0,1496.8164,12,25,3.0,0,0,1,0,0,0
SWE,IND,0,3464.4014,13,25,5.0,0,0,0,0,1,0
SWE,IDN,0,6543.3643,14,25,6.0,0,0,0,0,0,1
SWE,IRL,0,1013.7647,15,25,3.0,0,0,1,0,0,0
SWE,ITA,0,1230.6539,16,25,3.0,0,0,1,0,0,0
SWE,JPN,0,5084.3076,17,25,5.0,0,0,0,0,1,0
SWE,KOR,0,4627.2104,18,25,5.0,0,0,0,0,1,0
SWE,MEX,0,5965.019,19,25,5.0,0,0,0,0,1,0
SWE,NOR,1,259.51883,20,25,1.0,1,0,0,0,0,0
SWE,POL,0,502.8081,21,25,2.0,0,1,0,0,0,0
SWE,PRT,0,1858.8975,22,25,4.0,0,0,0,1,0,0
SWE,RUS,0,765.9312,23,25,3.0,0,0,1,0,0,0
SWE,ESP,0,1613.9888,24,25,4.0,0,0,0,1,0,0
SWE,SWE,0,156.80743,25,25,1.0,1,0,0,0,0,0
SWE,CHE,0,961.16095,26,25,3.0,0,0,1,0,0,0
SWE,THA,0,5143.717,27,25,5.0,0,0,0,0,1,0
SWE,TUR,0,1350.2355,28,25,3.0,0,0,1,0,0,0
SWE,GBR,0,893.4562,29,25,3.0,0,0,1,0,0,0
SWE,USA,0,3929.679,30,25,5.0,0,0,0,0,1,0
CHE,AUS,0,10362.464,1,26,6.0,0,0,0,0,0,1
CHE,AUT,1,425.66034,2,26,2.0,0,1,0,0,0,0
CHE,BEL,0,302.95557,3,26,1.0,1,0,0,0,0,0
CHE,BRA,0,5925.725,4,26,5.0,0,0,0,0,1,0
CHE,CAN,0,4002.9316,5,26,5.0,0,0,0,0,1,0
CHE,CHN,0,5024.403,6,26,5.0,0,0,0,0,1,0
CHE,COL,0,5637.467,7,26,5.0,0,0,0,0,1,0
CHE,DNK,0,642.32916,8,26,2.0,0,1,0,0,0,0
CHE,FIN,0,1155.5997,9,26,3.0,0,0,1,0,0,0
CHE,FRA,1,271.0241,10,26,1.0,1,0,0,0,0,0
CHE,DEU,1,313.1142,11,26,1.0,1,0,0,0,0,0
CHE,GRC,0,1033.3445,12,26,3.0,0,0,1,0,0,0
CHE,IND,0,3883.7869,13,26,5.0,0,0,0,0,1,0
CHE,IDN,0,6974.9478,14,26,6.0,0,0,0,0,0,1
CHE,IRL,0,748.26465,15,26,2.0,0,1,0,0,0,0
CHE,ITA,1,430.4905,16,26,2.0,0,1,0,0,0,0
CHE,JPN,0,6016.5283,17,26,6.0,0,0,0,0,0,1
CHE,KOR,0,5517.816,18,26,5.0,0,0,0,0,1,0
CHE,MEX,0,5991.588,19,26,5.0,0,0,0,0,1,0
CHE,NOR,0,907.0098,20,26,3.0,0,0,1,0,0,0
CHE,POL,0,708.50977,21,26,2.0,0,1,0,0,0,0
CHE,PRT,0,1011.17126,22,26,3.0,0,0,1,0,0,0
CHE,RUS,0,1427.2202,23,26,3.0,0,0,1,0,0,0
CHE,ESP,0,716.66675,24,26,2.0,0,1,0,0,0,0
CHE,SWE,0,961.16095,25,26,3.0,0,0,1,0,0,0
CHE,CHE,0,47.499573,26,26,1.0,1,0,0,0,0,0
CHE,THA,0,5676.837,27,26,5.0,0,0,0,0,1,0
CHE,TUR,0,1141.7988,28,26,3.0,0,0,1,0,0,0
CHE,GBR,0,465.3274,29,26,2.0,0,1,0,0,0,0
CHE,USA,0,3898.2507,30,26,5.0,0,0,0,0,1,0
THA,AUS,0,4685.8423,1,27,5.0,0,0,0,0,1,0
THA,AUT,0,5251.984,2,27,5.0,0,0,0,0,1,0
THA,BEL,0,5755.4644,3,27,5.0,0,0,0,0,1,0
THA,BRA,0,10198.866,4,27,6.0,0,0,0,0,0,1
THA,CAN,0,8481.742,5,27,6.0,0,0,0,0,0,1
THA,CHN,0,2053.3816,6,27,4.0,0,0,0,1,0,0
THA,COL,0,11144.698,7,27,6.0,0,0,0,0,0,1
THA,DNK,0,5362.8555,8,27,5.0,0,0,0,0,1,0
THA,FIN,0,4905.3,9,27,5.0,0,0,0,0,1,0
THA,FRA,0,5876.1997,10,27,5.0,0,0,0,0,1,0
THA,DEU,0,5634.4805,11,27,5.0,0,0,0,0,1,0
THA,GRC,0,4928.7666,12,27,5.0,0,0,0,0,1,0
THA,IND,0,1814.6091,13,27,4.0,0,0,0,1,0,0
THA,IDN,0,1439.6931,14,27,3.0,0,0,1,0,0,0
THA,IRL,0,6133.4136,15,27,6.0,0,0,0,0,0,1
THA,ITA,0,5493.203,16,27,5.0,0,0,0,0,1,0
THA,JPN,0,2866.996,17,27,4.0,0,0,0,1,0,0
THA,KOR,0,2314.869,18,27,4.0,0,0,0,1,0,0
THA,MEX,0,9795.555,19,27,6.0,0,0,0,0,0,1
THA,NOR,0,5396.955,20,27,5.0,0,0,0,0,1,0
THA,POL,0,5034.2007,21,27,5.0,0,0,0,0,1,0
THA,PRT,0,6646.7275,22,27,6.0,0,0,0,0,0,1
THA,RUS,0,4392.7466,23,27,5.0,0,0,0,0,1,0
THA,ESP,0,6335.42,24,27,6.0,0,0,0,0,0,1
THA,SWE,0,5143.717,25,27,5.0,0,0,0,0,1,0
THA,CHE,0,5676.837,26,27,5.0,0,0,0,0,1,0
THA,THA,0,167.45,27,27,1.0,1,0,0,0,0,0
THA,TUR,0,4647.38,28,27,5.0,0,0,0,0,1,0
THA,GBR,0,5932.549,29,27,5.0,0,0,0,0,1,0
THA,USA,0,8665.88,30,27,6.0,0,0,0,0,0,1
TUR,AUS,0,9297.8955,1,28,6.0,0,0,0,0,0,1
TUR,AUT,0,792.42993,2,28,3.0,0,0,1,0,0,0
TUR,BEL,0,1354.5007,3,28,3.0,0,0,1,0,0,0
TUR,BRA,0,6582.2007,4,28,6.0,0,0,0,0,0,1
TUR,CAN,0,5094.6123,5,28,5.0,0,0,0,0,1,0
TUR,CHN,0,4390.4272,6,28,5.0,0,0,0,0,1,0
TUR,COL,0,6738.5493,7,28,6.0,0,0,0,0,0,1
TUR,DNK,0,1254.4926,8,28,3.0,0,0,1,0,0,0
TUR,FIN,0,1331.9681,9,28,3.0,0,0,1,0,0,0
TUR,FRA,0,1401.9951,10,28,3.0,0,0,1,0,0,0
TUR,DEU,0,1266.8318,11,28,3.0,0,0,1,0,0,0
TUR,GRC,1,348.486,12,28,1.0,1,0,0,0,0,0
TUR,IND,0,2833.0103,13,28,4.0,0,0,0,1,0,0
TUR,IDN,0,5874.929,14,28,5.0,0,0,0,0,1,0
TUR,IRL,0,1835.3585,15,28,4.0,0,0,0,1,0,0
TUR,ITA,0,853.4927,16,28,3.0,0,0,1,0,0,0
TUR,JPN,0,5567.958,17,28,5.0,0,0,0,0,1,0
TUR,KOR,0,4951.9585,18,28,5.0,0,0,0,0,1,0
TUR,MEX,0,7108.318,19,28,6.0,0,0,0,0,0,1
TUR,NOR,0,1520.9633,20,28,4.0,0,0,0,1,0,0
TUR,POL,0,861.6495,21,28,3.0,0,0,1,0,0,0
TUR,PRT,0,2011.6692,22,28,4.0,0,0,0,1,0,0
TUR,RUS,0,1092.4237,23,28,3.0,0,0,1,0,0,0
TUR,ESP,0,1702.9392,24,28,4.0,0,0,0,1,0,0
TUR,SWE,0,1350.2355,25,28,3.0,0,0,1,0,0,0
TUR,CHE,0,1141.7988,26,28,3.0,0,0,1,0,0,0
TUR,THA,0,4647.38,27,28,5.0,0,0,0,0,1,0
TUR,TUR,0,206.53107,28,28,1.0,1,0,0,0,0,0
TUR,GBR,0,1554.9321,29,28,4.0,0,0,0,1,0,0
TUR,USA,0,5016.0044,30,28,5.0,0,0,0,0,1,0
GBR,AUS,0,10572.572,1,29,6.0,0,0,0,0,0,1
GBR,AUT,0,769.5457,2,29,3.0,0,0,1,0,0,0
GBR,BEL,0,201.23035,3,29,1.0,1,0,0,0,0,0
GBR,BRA,0,5905.3516,4,29,5.0,0,0,0,0,1,0
GBR,CAN,0,3552.3599,5,29,5.0,0,0,0,0,1,0
GBR,CHN,0,5066.099,6,29,5.0,0,0,0,0,1,0
GBR,COL,0,5326.6997,7,29,5.0,0,0,0,0,1,0
GBR,DNK,0,596.39136,8,29,2.0,0,1,0,0,0,0
GBR,FIN,0,1135.4431,9,29,3.0,0,0,1,0,0,0
GBR,FRA,0,213.14325,10,29,1.0,1,0,0,0,0,0
GBR,DEU,0,307.8703,11,29,1.0,1,0,0,0,0,0
GBR,GRC,0,1488.4088,12,29,3.0,0,0,1,0,0,0
GBR,IND,0,4176.903,13,29,5.0,0,0,0,0,1,0
GBR,IDN,0,7283.2715,14,29,6.0,0,0,0,0,0,1
GBR,IRL,1,286.1476,15,29,1.0,1,0,0,0,0,0
GBR,ITA,0,893.9871,16,29,3.0,0,0,1,0,0,0
GBR,JPN,0,5950.4272,17,29,5.0,0,0,0,0,1,0
GBR,KOR,0,5516.091,18,29,5.0,0,0,0,0,1,0
GBR,MEX,0,5555.2544,19,29,5.0,0,0,0,0,1,0
GBR,NOR,0,719.1451,20,29,2.0,0,1,0,0,0,0
GBR,POL,0,902.20245,21,29,3.0,0,0,1,0,0,0
GBR,PRT,0,983.89746,22,29,3.0,0,0,1,0,0,0
GBR,RUS,0,1560.5223,23,29,4.0,0,0,0,1,0,0
GBR,ESP,0,785.19507,24,29,3.0,0,0,1,0,0,0
GBR,SWE,0,893.4562,25,29,3.0,0,0,1,0,0,0
GBR,CHE,0,465.3274,26,29,2.0,0,1,0,0,0,0
GBR,THA,0,5932.549,27,29,5.0,0,0,0,0,1,0
GBR,TUR,0,1554.9321,28,29,4.0,0,0,0,1,0,0
GBR,GBR,0,115.49696,29,29,1.0,1,0,0,0,0,0
GBR,USA,0,3461.8777,30,29,5.0,0,0,0,0,1,0
USA,AUS,0,9949.53,1,30,6.0,0,0,0,0,0,1
USA,AUT,0,4225.42,2,30,5.0,0,0,0,0,1,0
USA,BEL,0,3661.7227,3,30,5.0,0,0,0,0,1,0
USA,BRA,0,4782.043,4,30,5.0,0,0,0,0,1,0
USA,CAN,1,340.82947,5,30,1.0,1,0,0,0,0,0
USA,CHN,0,6832.6196,6,30,6.0,0,0,0,0,0,1
USA,COL,0,2499.1743,7,30,4.0,0,0,0,1,0,0
USA,DNK,0,3848.2864,8,30,5.0,0,0,0,0,1,0
USA,FIN,0,4118.038,9,30,5.0,0,0,0,0,1,0
USA,FRA,0,3628.4385,10,30,5.0,0,0,0,0,1,0
USA,DEU,0,3750.9849,11,30,5.0,0,0,0,0,1,0
USA,GRC,0,4928.11,12,30,5.0,0,0,0,0,1,0
USA,IND,0,7310.0107,13,30,6.0,0,0,0,0,0,1
USA,IDN,0,10056.137,14,30,6.0,0,0,0,0,0,1
USA,IRL,0,3180.6812,15,30,5.0,0,0,0,0,1,0
USA,ITA,0,4285.337,16,30,5.0,0,0,0,0,1,0
USA,JPN,0,6746.7915,17,30,6.0,0,0,0,0,0,1
USA,KOR,0,6877.379,18,30,6.0,0,0,0,0,0,1
USA,MEX,1,2093.88,19,30,4.0,0,0,0,1,0,0
USA,NOR,0,3677.2546,20,30,5.0,0,0,0,0,1,0
USA,POL,0,4260.673,21,30,5.0,0,0,0,0,1,0
USA,PRT,0,3371.7773,22,30,5.0,0,0,0,0,1,0
USA,RUS,0,4672.45,23,30,5.0,0,0,0,0,1,0
USA,ESP,0,3586.2427,24,30,5.0,0,0,0,0,1,0
USA,SWE,0,3929.679,25,30,5.0,0,0,0,0,1,0
USA,CHE,0,3898.2507,26,30,5.0,0,0,0,0,1,0
USA,THA,0,8665.88,27,30,6.0,0,0,0,0,0,1
USA,TUR,0,5016.0044,28,30,5.0,0,0,0,0,1,0
USA,GBR,0,3461.8777,29,30,5.0,0,0,0,0,1,0
USA,USA,0,721.6122,30,30,2.0,0,1,0,0,0,0
